supermercado,provincia,localidad,direccion,latitude,longitude
La Anónima,Buenos Aires,Chacabuco,Sarmiento 36,-34.6438029,-60.4707923
La Anónima,Buenos Aires,Chivilcoy,Av. Francisco Soárez 52,-34.8969591,-60.0190499
La Anónima,Buenos Aires,Bragado,Rivadavia 2080,-35.1197138,-60.4803693
La Anónima,Buenos Aires,Carmen de Patagones,San Lorenzo Esq. Villegas 59,-40.7980817,-62.9803499
La Anónima,Buenos Aires,Junín,Ruta Nacional Nro. 7 km 260,-34.5960994,-60.9767093
La Anónima,Buenos Aires,Colón,Calle 20 Nro. 718,-33.8849544,-61.1084913
La Anónima,Buenos Aires,Salto,Moreno 360,-34.2905502,-60.2543863
La Anónima,Buenos Aires,Arrecifes,Dr. Carlos Merlasino 524,-34.0674983,-60.108738
La Anónima,Buenos Aires,Lincoln,Ituzaingó 147,-34.8637416,-61.5282926
La Anónima,Buenos Aires,Trenque Lauquen,Av. García Salinas 1100 y Pincen,-35.9731074,-62.7328794
La Anónima,Buenos Aires,Florentino Ameghino,Calle 32 21,-34.8452487,-62.4668089
La Anónima,Buenos Aires,Carlos Casares,Vicente López y Las Heras 40,-35.6232368,-61.3650016
La Anónima,Buenos Aires,Pehuajó,Rivarola 310,-35.8137286,-61.89814
La Anónima,Buenos Aires,General Villegas,San Martín 200 y Rivadavia,-35.032594,-63.0148473
La Anónima,Buenos Aires,América,Viamonte 240,-35.4917938,-62.9795583
La Anónima,Buenos Aires,Junín,Bernardino Rivadavia 199 esq. Pellegrini,-34.5934412,-60.9461678
La Anónima,Buenos Aires,Azul,Av. Monseñor Cáneva 560 esquina Av. Belgrano,-36.777492,-59.863442
La Anónima,Buenos Aires,Mercedes,Avenida 40 esq. 39,-34.6454989,-59.4242892
La Anónima,Buenos Aires,Trenque Lauquen,Simini 836,-35.9786796,-62.7416535
La Anónima,Buenos Aires,9 de Julio,Av Agustín Álvarez 261,-35.4564152,-60.8913743
La Anónima,Chaco,Resistencia,Av. Sarmiento 2610,-27.4315376,-58.9642828
La Anónima,Chubut,Trelew,Belgrano 292,-43.2458674,-65.3115122
La Anónima,Chubut,Rawson,Luis Costa 172,-43.3023494,-65.1047994
La Anónima,Chubut,Puerto Madryn,H. Yrigoyen 76 esq. 25 de Mayo,-42.7673414,-65.0365942
La Anónima,Chubut,Esquel,Roca 710,-42.9143429,-71.3233084
La Anónima,Chubut,Trelew,Av. H. Yrigoyen 1650,-43.2531242,-65.3094407
La Anónima,Chubut,Esquel,Av. Fontana 705,-42.9113259,-71.3192465
La Anónima,Chubut,Comodoro Rivadavia,13 de Diciembre 150,-45.8693332,-67.5019774
La Anónima,Chubut,Comodoro Rivadavia,San Martín 100,-45.8610664,-67.4752434
La Anónima,Chubut,Comodoro Rivadavia,Fco. de Viedma 102,-45.8632024,-67.4752615
La Anónima,Chubut,Comodoro Rivadavia,Alem 962,-45.8604291,-67.4989136
La Anónima,Chubut,Comodoro Rivadavia,Atahualpa Yupanqui 400,-45.8761097,-67.5178697
La Anónima,Chubut,Trelew,Pellegrini 1422,-43.2658909,-65.3010929
La Anónima,Chubut,Puerto Madryn,Italia 500,-42.7697591,-65.0440532
La Anónima,Chubut,Sarmiento,España 412,-45.5892714,-69.0680846
La Anónima,Chubut,Trelew,25 de Mayo 1151,-43.2565224,-65.3219196
La Anónima,Chubut,Comodoro Rivadavia,Av. Chile 1625,-45.8835554,-67.545278
La Anónima,Chubut,Puerto Madryn,Chubut 1400,-42.7812118,-65.0373374
La Anónima,Chubut,Trevelin,Av. San Martín 1440,-43.0977351,-71.464664
La Anónima,Chubut,Rada Tilly,Luque 1200,-45.9297725,-67.5720981
La Anónima,Chubut,Playa Unión,Cacique Nahuelpan 1071,-43.3251592,-65.0549509
La Anónima,Chubut,Esquel,Av. Joldich 424,-42.9173055,-71.3216508
La Anónima,Chubut,Gaiman,Martín Miguel de Güemes 616,-43.2915027,-65.4982999
La Anónima,Chubut,Comodoro Rivadavia,Italo Bell'Oro y Calle 1 Barrio Km 8,-45.8632024,-67.4752615
La Anónima,Chubut,Lago Puelo,Ruta Pcial. 16 km 11,-42.0603116,-71.597933
La Anónima,Córdoba,Laboulaye,España 88,-34.1250009,-63.3874369
La Anónima,Córdoba,Morteros,Boulevard 9 de Julio 2339 entre Avenida Brasil y calle pública,-30.7107038,-62.0067058
La Anónima,Córdoba,Marcos Juárez,Bismarck 50,-32.6946933,-62.104385
La Anónima,Córdoba,Arroyito,Lafaye 640,-31.4182969,-63.0643298
La Anónima,Córdoba,Poeta Lugones,Cardeñosa y Fray Luis Beltrán 5008,-31.3609583,-64.2119556
La Anónima,Córdoba,Rivera Indarte,Agrim. Enrique Bodereau 7571,-31.3318986,-64.2968075
La Anónima,Córdoba,Jacinto Ríos,Libertad 1051,-31.4147628,-64.1655734
La Anónima,Córdoba,Córdoba,Av. Amadeo Sabattini 3250,-31.4322451,-64.1396918
La Anónima,Corrientes,Goya,Av. Primeros Concejales 256,-29.1444046,-59.2649825
La Anónima,Corrientes,Bella Vista,Av San Martín 1380,-28.5092974,-59.0314938
La Anónima,La Pampa,Santa Rosa,Av. Ameghino 1250,-36.6264451,-64.2890488
La Anónima,La Pampa,Santa Rosa,Av. Luro 1296,-36.6275665,-64.2818234
La Anónima,La Pampa,General Pico,Calle 7 Nro. 1064,-35.6556805,-63.7565311
La Anónima,La Pampa,Santa Rosa,Lisandro de la Torre 333,-36.6217067,-64.2868244
La Anónima,La Pampa,Santa Rosa,La Rioja 357,-36.6134691,-64.291503
La Anónima,La Pampa,Intendente Alvear,Av. Sarmiento 1065,-35.2332834,-63.5936312
La Anónima,La Pampa,Eduardo Castex,Av. Independencia 2575,-35.9100009,-64.2771825
La Anónima,La Pampa,General Pico,Calle 9 n° 51,-35.6603411,-63.7599869
La Anónima,La Pampa,Santa Rosa,Pilcomayo 1551,-36.600754,-64.3019947
La Anónima,Misiones,Posadas,Av. Tomas Guido 6070,-27.3664824,-55.894295
La Anónima,Neuquén,Neuquén,Bahía Blanca 371,-38.9590625,-68.0511029
La Anónima,Neuquén,Zapala,9 de Julio e Ibarrolaza,-38.9006215,-70.0668573
La Anónima,Neuquén,Neuquén,Antártida Argentina 1111 (esq. Vicente Crestía),-38.9519679,-68.0591741
La Anónima,Neuquén,Plaza Huincul,Alberdi y Chos-Malal,-38.9304191,-69.200246
La Anónima,Neuquén,San Martín de los Andes,Tte. Gral. Roca 450,-40.1568791,-71.3525588
La Anónima,Neuquén,Junín de los Andes,Cnel. Suárez 465,-39.9508663,-71.0708883
La Anónima,Neuquén,Neuquén,Manuel Belgrano 3775,-38.9495136,-68.1114445
La Anónima,Neuquén,Rincón de los Sauces,Avenida Manuel Belgrano 1419,-37.3958686,-68.9213179
La Anónima,Neuquén,Villa La Angostura,Del Chilco 83 (esq. Av. Siete Lagos),-40.7620693,-71.6472306
La Anónima,Neuquén,Plottier,Av. San Martín 507,-38.9479437,-68.2250495
La Anónima,Neuquén,San Martín de los Andes,Ruta Nac. 40 Km 2216,-40.1568791,-71.3525588
La Anónima,Neuquén,Centenario,Av. Del Libertador 75,-38.8269798,-68.1445483
La Anónima,Neuquén,Neuquén,Av. San Juan 51,-38.9463973,-68.0582294
La Anónima,Neuquén,Neuquén,Alte. Brown 140,-38.9519679,-68.0591741
La Anónima,Neuquén,Cutral-Có,C. H. Rodríguez 345,-38.9363084,-69.2488605
La Anónima,Neuquén,Neuquén,Godoy 517,-38.9494376,-68.117164
La Anónima,Neuquén,Zapala,Avellaneda 99,-38.9076617,-70.0673332
La Anónima,Neuquén,Neuquén,Av. Olascoaga 1221 esq. Fava,-38.9519679,-68.0591741
La Anónima,Neuquén,Neuquén,Belgrano 1154,-38.9509797,-68.0753068
La Anónima,Neuquén,Plottier,Buenos Aires 179,-38.9566372,-68.2289024
La Anónima,Neuquén,Neuquén,Alderete 1985,-38.9511182,-68.0306776
La Anónima,Neuquén,Neuquén,Godoy 1450,-40.1500345,-71.3589999
La Anónima,Neuquén,Neuquén,Las Orquídeas 100,-38.932722,-68.0739844
La Anónima,Neuquén,Neuquén,Av. del Trabajador y C. Cura,-38.9519679,-68.0591741
La Anónima,Neuquén,Neuquén,Belgrano 2186,-38.950771,-68.0895518
La Anónima,Neuquén,Zapala,Afione 341,-38.8987196,-70.0735761
La Anónima,Neuquén,Neuquén,Antártida Argentina 1830,-38.9475733,-68.0846411
La Anónima,Neuquén,Cutral Có,Miguel Eguinoa 1802,-38.9492532,-69.2164257
La Anónima,Neuquén,Añelo,Av. Primeros Pobladores s/n entre calle 13 y 11,-38.35428,-68.7875804
La Anónima,Neuquén,Centenario,Antártida Argentina 248,-38.9374408,-69.1952756
La Anónima,Neuquén,San Patricio del Chañar,Chos Malal 266,-38.6321813,-68.2940402
La Anónima,Río Negro,Bariloche,Los Pioneros 4400,-41.1312474,-71.3610664
La Anónima,Río Negro,Cipolletti,Mariano Moreno 75 (esq. Gob. Castello),-38.931342,-67.9905921
La Anónima,Río Negro,Bariloche,Quaglia 311/333,-41.1334781,-71.3101474
La Anónima,Río Negro,Bariloche,Albarracín 601,-41.1403636,-71.3017029
La Anónima,Río Negro,General Roca,Av. Roca 790,-39.0367117,-67.577931
La Anónima,Río Negro,Viedma,Rivadavia 450,-40.8062486,-63.0166252
La Anónima,Río Negro,El Bolsón,San Martín 2934,-41.9624396,-71.5355999
La Anónima,Río Negro,General Roca,San Martín 96,-39.0276221,-67.565386
La Anónima,Río Negro,San Antonio Oeste,Moreno 42,-40.7363943,-64.9372424
La Anónima,Río Negro,Viedma,Álvaro Barros 1408 (esq. O'Higgins),-40.8084274,-62.994722
La Anónima,Río Negro,Villa Regina,Av. Cipolletti 502,-39.0956396,-67.0925438
La Anónima,Río Negro,Cipolletti,Roca 623,-38.9401091,-67.9932042
La Anónima,Río Negro,Allen,Juan B. Justo 227 (esq. San Juan Bosco),-38.9795062,-67.8280092
La Anónima,Río Negro,Bariloche,Gallardo 801,-41.1383295,-71.2987263
La Anónima,Río Negro,General Roca,Av. San Juan 1425,-39.0277375,-67.5868573
La Anónima,Río Negro,Sierra Grande,Juan José Paso 100 y Antártida Argentina,-41.605351,-65.3568775
La Anónima,Río Negro,Cipolletti,Esmeralda al 1333,-38.9205087,-68.0000007
La Anónima,Río Negro,El Bolsón,Güemes 741,-41.9707067,-71.5323855
La Anónima,Río Negro,Bariloche,Av. Exequiel Bustillo 12964 (Ruta 237 - Km 13),-41.1334781,-71.3101474
La Anónima,Río Negro,Catriel,Ing. Eduardo Garro 538,-37.8792422,-67.7919078
La Anónima,Río Negro,General Roca,Evita 2475,-39.0149217,-67.5825022
La Anónima,Río Negro,Las Grutas,Punta Villarino 845,-40.7947739,-65.0751816
La Anónima,Río Negro,Río Colorado,Calle 9 de Julio 746,-38.9908428,-64.0957548
La Anónima,Río Negro,Choele Choel,Héctor Gil 64,-39.298642,-65.6477164
La Anónima,Río Negro,Cipolletti,Av. Alem 336,-38.9354332,-67.995976
La Anónima,Río Negro,General Roca,Tucumán 747,-39.0282816,-67.5749489
La Anónima,Río Negro,Cinco Saltos,Roca 224,-38.8292584,-68.0638089
La Anónima,Río Negro,Cipolletti,Toschi 505,-38.948892,-67.9923255
La Anónima,Río Negro,Villa Regina,Av. Mitre 267,-39.0987341,-67.0871758
La Anónima,Río Negro,Cinco Saltos,Ameghino 1097,-38.8241365,-68.0728862
La Anónima,Río Negro,Fernández Oro,Hipólito Yrigoyen 351,-38.9530012,-67.9155292
La Anónima,Salta,Salta,Av. Tavella s/n,-24.8148539,-65.4024482
La Anónima,San Juan,San Juan,Scalabrini Ortiz 1285 y Av. Circunvalación,-31.5370909,-68.5251802
La Anónima,Santa Cruz,Caleta Olivia,Av. del Trabajo 469,-46.4480949,-67.5197572
La Anónima,Santa Cruz,Caleta Olivia,Belgrano 515,-46.4448195,-67.5285816
La Anónima,Santa Cruz,Río Gallegos,Néstor Kirchner 973,-51.6209159,-69.2157953
La Anónima,Santa Cruz,Río Gallegos,Pto. Santa Cruz 220 - Bo. A.P.A.P.,-51.6268852,-69.105804
La Anónima,Santa Cruz,Río Gallegos,Maipú 1332,-51.635205,-69.1884907
La Anónima,Santa Cruz,Río Gallegos,Santa Fe 1385,-51.6241978,-69.2391764
La Anónima,Santa Cruz,Puerto Deseado,Perito Moreno 945,-47.7457307,-65.8821366
La Anónima,Santa Cruz,Río Gallegos,Mendoza 36,-51.6151723,-69.2278571
La Anónima,Santa Cruz,El Calafate,Av. Libertador 902 y Perito Moreno,-50.3387375,-72.2737216
La Anónima,Santa Cruz,Río Turbio,Moyano 200,-51.5357076,-72.3355727
La Anónima,Santa Cruz,Pico Truncado,Saavedra 1000,-46.8071093,-67.9445633
La Anónima,Santa Cruz,Las Heras,Puerto Santa Cruz 900,-46.5462538,-68.9222256
La Anónima,Santa Cruz,El Calafate,Calle 4000 Hermanos Vidal N° 166,-50.3387375,-72.2737216
La Anónima,Santa Cruz,Río Gallegos,Juan José Paso 1475,-51.6399593,-69.2213051
La Anónima,Santa Cruz,Piedra Buena,Av. 21 de Noviembre 600,-49.3308292,-72.8835122
La Anónima,Santa Cruz,Pico Truncado,20 de Noviembre 451,-46.8089945,-67.9525176
La Anónima,Santa Cruz,San Julián,Darwin 2371,-49.306927,-67.7431132
La Anónima,Santa Cruz,Gobernador Gregores,San Martín 680,-48.7501238,-70.2476322
La Anónima,Santa Cruz,Río Gallegos,Corrientes y Ruta 3,-51.6268852,-69.105804
La Anónima,Santa Cruz,Río Gallegos,Santiago de Liniers 999 y Posadas,-51.6268852,-69.105804
La Anónima,Santa Cruz,Río Gallegos,Estrada 108 y Zapiola,-51.6268852,-69.105804
La Anónima,Santa Cruz,28 de Noviembre,Ruta Nacional 40 Km 389,-51.5757986,-72.2138466
La Anónima,Santa Cruz,Río Gallegos,Pablo Neruda 451 y Lola Mora,-51.6268852,-69.105804
La Anónima,Santa Cruz,Perito Moreno,Ruta Pcial. 43 esq. Hipólito Yrigoyen 2371,-46.5915874,-70.925525
La Anónima,Santa Cruz,Caleta Olivia,Av. Tierra del Fuego 1886,-46.4400565,-67.5468523
La Anónima,Santa Cruz,Puerto Santa Cruz,San Martín 135,-50.0160034,-68.519595
La Anónima,Santa Cruz,Río Gallegos,C. 2 1311,-51.6592205,-69.2937382
La Anónima,Santa Fe,Venado Tuerto,Av. Casey 799 (esq. 25 de Mayo),-33.7455871,-61.9686068
La Anónima,Santa Fe,Rufino,Hipólito Yrigoyen 277,-34.2645259,-62.7101858
La Anónima,Santa Fe,Rafaela,Rivadavia 53,-31.2537188,-61.4923233
La Anónima,Santa Fe,Rafaela,Lincoln 1598 - Bo. Los Nogales,-31.2528804,-61.5096957
La Anónima,Santa Fe,Rafaela,Aconcagua 555 (esq. Gob. Crespo),-31.2526923,-61.4916758
La Anónima,Santa Fe,Esperanza,Belgrano 1998,-31.4502722,-60.9293663
La Anónima,Santa Fe,San Jorge,Bartolomé Mitre 1143,-31.8962813,-61.8597235
La Anónima,Santa Fe,San Justo,9 de Julio 2530,-30.7884366,-60.5930464
La Anónima,Santa Fe,Sunchales,Avellaneda 548,-30.9494273,-61.5588358
La Anónima,Santa Fe,Esperanza,Belgrano 3274,-31.4392442,-60.9262867
La Anónima,Santa Fe,Reconquista,Moreno 702,-29.1410314,-59.6446523
La Anónima,Santa Fe,Rosario,Blvd. Oroño 6000,-32.9654886,-60.6582616
La Anónima,Santa Fe,Rafaela,C. Conscripto Elías Zurbriggen 865,-31.2526923,-61.4916758
La Anónima,Santiago del Estero,Santiago del Estero,Autopista Juan D. Perón Building 46,-27.7877148,-64.2595062
La Anónima,Tierra del Fuego,Río Grande,Av. San Martín 553,-53.7866022,-67.7016127
La Anónima,Tierra del Fuego,Río Grande,Viedma 841 y Venezuela,-53.7858275,-67.7018562
La Anónima,Tierra del Fuego,Río Grande,J. B. Thorne 1771,-53.7858275,-67.7018562
La Anónima,Tierra del Fuego,Ushuaia,Perito Moreno 1550,-54.7992186,-68.2779204
La Anónima,Tierra del Fuego,Ushuaia,Concejal Rubinos 188,-54.807306,-68.3084133
La Anónima,Tierra del Fuego,Río Grande,Av. San Martín 1605,-53.7792549,-67.716726
La Anónima,Tierra del Fuego,Ushuaia,Gobernador Paz 190,-54.807306,-68.3084133
La Anónima,Tierra del Fuego,Ushuaia,San Martín 1506,-54.8101368,-68.3186835
La Anónima,Tierra del Fuego,Ushuaia,Los Ñires 2273,-54.8288289,-68.353626
La Anónima,Tierra del Fuego,Tolhuin,Los Ñires 0,-54.5113492,-67.1954004
La Anónima,Tierra del Fuego,Río Grande,El Alambrador 1540,-53.8091215,-67.6878819
La Anónima,Tucumán,San Miguel de Tucumán,Av. Gral. Roca 3440,-26.8303703,-65.2038133
La Anónima,Tucumán,San Miguel de Tucumán,Emilio Castelar y Batalla de Suipacha,-26.8303703,-65.2038133
Coto,Capital Federal,Abasto,Agüero 616,-34.6023718,-58.4120505
Coto,Capital Federal,Almagro,Av. Díaz Vélez 4531,-34.6086892,-58.4269951
Coto,Capital Federal,Almagro,Gallo 250,-34.6056022,-58.4136324
Coto,Capital Federal,Balvanera,México 2236,-34.6165346,-58.3985959
Coto,Capital Federal,Recoleta,French 2417/79,-34.5880389,-58.404104
Coto,Capital Federal,Barracas,Martín García 743,-34.6327452,-58.3739814
Coto,Capital Federal,Recoleta,Paraguay 2672/94,-34.59622,-58.4082983
Coto,Capital Federal,Villa Crespo,Murillo 551,-34.6016811,-58.4424857
Coto,Capital Federal,Recoleta,Charcas 2980,-34.5939494,-58.4082797
Coto,Capital Federal,Recoleta,Junín 1073,-34.5991203,-58.397267
Coto,Capital Federal,Belgrano,Av. El Cano 3002,-34.612958,-58.3776468
Coto,Capital Federal,Belgrano,Av. Monroe 3284/98,-34.5625705,-58.4670062
Coto,Capital Federal,Belgrano,Av. Cabildo 545,-34.557327,-58.4606596
Coto,Capital Federal,Belgrano,Amenábar 2134,-34.562947,-58.459248
Coto,Capital Federal,Belgrano,Maure 1725,-34.612958,-58.3776468
Coto,Capital Federal,Belgrano,Teodoro García 2419,-34.5692864,-58.4461348
Coto,Capital Federal,Boedo,Av. Boedo 777,-34.6220873,-58.4165805
Coto,Capital Federal,Palermo,Santa Fe 3760,-34.5849897,-58.4165032
Coto,Capital Federal,Villa Luro,Av. Rivadavia 9840,-34.638028,-58.5027431
Coto,Capital Federal,Caballito,Av. Gaona 1956,-34.6123843,-58.4554436
Coto,Capital Federal,Caballito,Yerbal 1062,-34.6210434,-58.4459318
Coto,Capital Federal,Caballito,Pedro Goyena 565/71,-34.6263153,-58.4397767
Coto,Capital Federal,Centro,Viamonte 1571,-34.6067933,-58.3892006
Coto,Capital Federal,Chacarita,Av. El Cano 3693,-34.5871827,-58.4551513
Coto,Capital Federal,Congreso,Bartolomé Mitre 1558,-34.5551422,-58.4618856
Coto,Capital Federal,Constitución,Lima 1553,-34.6264345,-58.3823849
Coto,Capital Federal,Flores,Av. Eva Perón 2202,-34.6381859,-58.4525756
Coto,Capital Federal,Flores,Av. Directorio 2647/57,-34.635663,-58.4682285
Coto,Capital Federal,Flores,Av. J. B. Alberdi 1737/49,-34.6290748,-58.4634771
Coto,Capital Federal,Flores,Av. Nazca 1244,-34.6300573,-58.4699312
Coto,Capital Federal,Flores,Av. San Pedrito 72,-34.6316707,-58.4690564
Coto,Capital Federal,Floresta,Av. Avellaneda 3758,-34.6291771,-58.4817124
Coto,Capital Federal,Liniers,Av. Emilio Castro 7661,-34.6560745,-58.5245696
Coto,Capital Federal,Almagro,Castro Barros 30,-34.6119209,-58.420605
Coto,Capital Federal,Mataderos,Larrazábal 3443/55,-34.6579415,-58.4952803
Coto,Capital Federal,Monte Castro,Lope de Vega 1742/44,-34.626123,-58.5092578
Coto,Capital Federal,Núñez,Av. Cabildo 4125/65,-34.5504311,-58.4668611
Coto,Capital Federal,Núñez,Av. Libertador 6840,-34.5493524,-58.4548961
Coto,Capital Federal,Once,Hipólito Yrigoyen 3702,-34.6109565,-58.4010421
Coto,Capital Federal,Once,Av. Rivadavia 2846,-34.6103818,-58.4066358
Coto,Capital Federal,Once,Alsina 2300,-34.612044,-58.3988615
Coto,Capital Federal,Palermo,Av. Scalabrini Ortiz 1688,-34.590136,-58.4241731
Coto,Capital Federal,Palermo,Cerviño 3515,-34.580235,-58.408655
Coto,Capital Federal,Palermo,Honduras 3862,-34.5942096,-58.4175675
Coto,Capital Federal,Parque Chacabuco,Asamblea 1100,-34.6366807,-58.445917
Coto,Capital Federal,Paternal,Av. San Martín 2095,-34.6016394,-58.4695823
Coto,Capital Federal,Paternal,Av. Álvarez Jonte 2502,-34.6024396,-58.4696448
Coto,Capital Federal,Pompeya,Av. La Plata 2392,-34.6406798,-58.4232868
Coto,Capital Federal,Pompeya,Av. Francisco Rabanal 1345,-34.6534916,-58.4166328
Coto,Capital Federal,Retiro,Av. Antártida Argentina 1160,-34.5983326,-58.3681465
Coto,Capital Federal,Saavedra,Av. Ricardo Balbín 4027,-34.5547674,-58.4870173
Coto,Capital Federal,San Cristóbal,Av. J. de Garay 2700,-34.6240603,-58.4023896
Coto,Capital Federal,San Cristóbal,Av. San Juan 2168,-34.6231286,-58.3958046
Coto,Capital Federal,San Telmo,Perú 1496,-34.6254233,-58.3737101
Coto,Capital Federal,Mataderos,Av. Eva Perón 4730,-34.662252,-58.4856546
Coto,Capital Federal,Villa Crespo,Av. Corrientes 5748,-34.5952076,-58.444175
Coto,Capital Federal,Villa Devoto,Av. Lope de Vega 2503,-34.6182224,-58.5194076
Coto,Capital Federal,Villa Devoto,Sanabria 3320,-34.606226,-58.5107443
Coto,Capital Federal,Villa Devoto,Segurola 1701,-34.6011652,-58.5179195
Coto,Capital Federal,Villa Lugano,Av. Piedrabuena 4902,-34.6766149,-58.4771849
Coto,Capital Federal,Villa Lugano,Soldado de la Frontera 5258,-34.6857661,-58.4632797
Coto,Capital Federal,Villa Urquiza,Av. Monroe 5055,-34.5670741,-58.4739174
Coto,Capital Federal,Villa Urquiza,Cullen 5085,-34.5727417,-58.4878455
Coto,Buenos Aires,Acassuso,Albarellos 854,-34.4800932,-58.5052974
Coto,Buenos Aires,Campana,Juan M. Estrada 878/80,-34.1636631,-58.9586837
Coto,Buenos Aires,Rincón de Milberg,Agustín M. García 5858,-34.410238,-58.6082848
Coto,Buenos Aires,Escobar,Tapia de Cruz 420,-34.3455858,-58.7928467
Coto,Buenos Aires,Florida,Av. San Martín 3029,-34.7604598,-58.3006702
Coto,Buenos Aires,Garín,Av. Belgrano 950,-34.4183596,-58.725305
Coto,Buenos Aires,La Horqueta,Uruguay 4691,-34.4779642,-58.5800803
Coto,Buenos Aires,Lomas de San Isidro,Jorge Newbery 555,-34.4808316,-58.5375398
Coto,Buenos Aires,Malvinas Argentinas,Panamericana km 36,-34.4566835,-58.7191957
Coto,Buenos Aires,Munro,Av. Mitre 2951,-34.5237349,-58.519897
Coto,Buenos Aires,Pilar,Country Highland Park,-34.4169507,-58.7965512
Coto,Buenos Aires,Pilar,Tortugas Country Club,-34.4574067,-58.7506409
Coto,Buenos Aires,San Isidro,Av. del Libertador 18213,-34.464415,-58.5156171
Coto,Buenos Aires,San Isidro,Lasalle 653,-34.4659852,-58.507685
Coto,Buenos Aires,Vicente López,Av. Maipú 1758,-34.522019,-58.4855961
Coto,Buenos Aires,Villa Ballester,José Hernández 2955,-34.5504715,-58.5588032
Coto,Buenos Aires,Avellaneda,Av. Mitre 3300,-34.6831213,-58.3429349
Coto,Buenos Aires,Avellaneda,Italia 62,-34.665078,-58.3622969
Coto,Buenos Aires,Banfield,Av. Hipólito Yrigoyen 8028,-34.7489431,-58.399967
Coto,Buenos Aires,Bernal,Av. Dardo Rocha 251/259,-34.721219,-58.2887759
Coto,Buenos Aires,Quilmes,Humberto Primo 165,-34.7248348,-58.2561094
Coto,Buenos Aires,Ezeiza,Av. Ruta 205 Entre 52 y Reconquista,-34.8168141,-58.5474234
Coto,Buenos Aires,La Plata,Calle 43 782,-34.9132668,-57.9600312
Coto,Buenos Aires,Lanús,Av. B. Rivadavia 2602 y Warnes,-34.7073871,-58.3905998
Coto,Buenos Aires,Monte Grande,Boulevard Bs. As. 710,-34.8146027,-58.4570803
Coto,Buenos Aires,Quilmes,Hipólito Yrigoyen 380,-34.7198006,-58.2622718
Coto,Buenos Aires,Quilmes,12 de Octubre 3054,-34.742333,-58.2894979
Coto,Buenos Aires,Remedios de Escalada,Av. Hipólito Yrigoyen 6174,-34.7265145,-58.3954231
Coto,Buenos Aires,Temperley,Hipólito Yrigoyen 10699,-34.7834556,-58.4072765
Coto,Buenos Aires,Tristán Suárez,Avda. Sarmiento 524 (Ruta 205),-34.8894215,-58.5678483
Coto,Buenos Aires,Bella Vista,O'Higgins 1263,-34.5726269,-58.6818197
Coto,Buenos Aires,Castelar,Santa Rosa 1753,-34.675345,-58.661949
Coto,Buenos Aires,Morón,Gral. Juan José Valle 51,-34.6510527,-58.6217416
Coto,Buenos Aires,Ciudadela,Comesaña 4056,-34.6286632,-58.5486714
Coto,Buenos Aires,González Catán,Ruta 3 km 44.400,-34.7830174,-58.6251271
Coto,Buenos Aires,José C. Paz,Hipólito Yrigoyen 1826,-34.5095736,-58.7295208
Coto,Buenos Aires,Merlo,Av. Juan Domingo Perón 24080,-34.6602803,-58.7537724
Coto,Buenos Aires,Moreno,Av. Victorica 660 (entre Sarratea y Arellano),-34.6396556,-58.7898326
Coto,Buenos Aires,Ramos Mejía,Av. Rivadavia 13810,-34.6404993,-58.5618765
Coto,Buenos Aires,San Martín,Av. San Martín 1866,-36.7752317,-59.0892187
Coto,Buenos Aires,San Martín,Av. Balbín 2030/40,-34.5807647,-58.5420468
Coto,Buenos Aires,Santos Lugares,Av. La Plata 3635,-34.5999839,-58.5443094
Coto,Buenos Aires,Tapiales,Boulogne Sur Mer y Av. de la Cooperación,-34.6989737,-58.5077841
Coto,Buenos Aires,Mar del Plata,Avenida de los Trabajadores 150 (Multiespacio Bendu),-37.9976168,-57.5482079
Coto,Buenos Aires,Mar del Plata,Avenida Jorge Newbery 4750 (Esquina Boulevard Las Prunas),-37.9976168,-57.5482079
Coto,Buenos Aires,Partido de la Costa,Ruta 11 km 330,-36.6626169,-56.6926492
Coto,Buenos Aires,Madariaga,Ruta 11 km 404,-37.1039419,-56.8885421
Coto,Buenos Aires,Mar de Ajó,San Martín 251/75,-36.7210705,-56.7021484
Coto,Santa Fe,Rosario,Av. Junín y Thedy,-32.9593609,-60.6617024
Coto,Santa Fe,Rosario,Mendoza 3901,-32.944755,-60.6778931
Coto,Santa Fe,Rosario,Urquiza 1644,-32.9410065,-60.6448252
Coto,Santa Fe,Rosario,Tres de Febrero 1602,-32.9593609,-60.6617024
Coto,Santa Fe,Rosario,Venezuela 114 bis,-32.926448,-60.7251852
Coto,Santa Fe,Santa Fe,Rivadavia 3396,-31.6373792,-60.7014192
Coto,Santa Fe,Santa Fe,Colastiné y Av. 27 de Febrero,-31.6474914,-60.6428557
Coto,Entre Ríos,Paraná,Coronel Juan M. Pirán 801,-31.7330145,-60.5298511
Coto,Neuquén,Neuquén,Ruta Provincial N 7 y Dr. Ramón,-38.9519679,-68.0591741
Coto,Mendoza,Mendoza,Av. Perú y Carlos Pellegrini,-32.8894155,-68.8446177
Establecimiento,Provincia,Localidad,Dirección,-29.0292933,-58.9027512
Carrefour Hipermercado,Buenos Aires,San Isidro,Bernardo de Irigoyen 2647,-34.4914674,-58.5907262
Carrefour Hipermercado,Buenos Aires,Hurlingham,Av. Vergara 1910,-34.5850058,-58.6389556
Carrefour Market,Buenos Aires,Avellaneda,Av. Belgrano 422,-34.6615965,-58.3681524
Carrefour Market,Buenos Aires,La Plata,Calle 7 767,-34.9899835,-57.8500016
Carrefour Hipermercado,Buenos Aires,Malvinas Argentinas,Av. Arturo Illia 3770,-34.5306222,-58.7018381
Carrefour Market,Corrientes,Corrientes,Junín 1336,-27.4679505,-58.8339844
Carrefour Hipermercado,Salta,Salta,20 de Febrero 37,-24.7890394,-65.4138539
Carrefour Market,Buenos Aires,Bahía Blanca,Brown 51,-38.7205696,-62.2678689
Carrefour Market,Capital Federal,CABA,Av. Rivadavia 6538,-34.6274042,-58.4581933
Carrefour Market,Capital Federal,CABA,Av. Santa Fe 1954,-34.5958983,-58.395478
Carrefour Market,Capital Federal,CABA,Vicente López 1676,-34.5919731,-58.3897104
Carrefour Market,Córdoba,Río Cuarto,Sobremonte 902,-33.1254678,-64.34927
Carrefour Hipermercado,Buenos Aires,San Justo,Av. Don Bosco 2680,-34.6774186,-58.5607837
Carrefour Market,Capital Federal,CABA,Av. Cabildo 2441,-34.5586688,-58.459308
Carrefour Market,Jujuy,San Salvador de Jujuy,Belgrano 823,-24.1789638,-65.3050687
Carrefour Hipermercado,San Juan,San Juan,Gral. Acha 32,-31.5370909,-68.5251802
Carrefour Market,Entre Ríos,Paraná,Uruguay 35,-31.7303967,-60.5287233
Carrefour Hipermercado,Chubut,Comodoro Rivadavia,Pellegrini 851,-45.861549,-67.4797732
Carrefour Market,Buenos Aires,Mar del Plata,Catamarca 1965,-37.9989939,-57.5536757
Carrefour Market,Catamarca,San Fernando del Valle de Catamarca,Rivadavia 945,-28.4727763,-65.7785849
Carrefour Market,Buenos Aires,Tandil,9 de Julio 548,-37.3262564,-59.1350474
Carrefour Market,La Rioja,La Rioja,25 de Mayo 151,-29.1659996,-67.4966323
Carrefour Hipermercado,Río Negro,General Roca,25 de Mayo 622,-39.0305806,-67.5738383
Carrefour Market,San Luis,San Luis,Pringles 963,-33.3028342,-66.3368643
Carrefour Market,Entre Ríos,Concordia,Entre Ríos 635,-31.3969227,-58.0185065
Carrefour Market,Buenos Aires,Olavarría,Rivadavia 2846,-36.8935193,-60.3218656
Carrefour Market,Formosa,Formosa,España 198,-26.1815232,-58.1666573
Carrefour Hipermercado,Tierra del Fuego,Río Grande,Av. San Martín 685,-53.7855884,-67.7035158
Carrefour Market,Buenos Aires,La Plata,Calle 12 1200,-34.9230722,-57.9499161
Carrefour Market,Chubut,Trelew,9 de Julio 194,-43.2533615,-65.3157302
Carrefour Hipermercado,La Pampa,Santa Rosa,Avellaneda 151,-36.6182937,-64.2911357
Carrefour Market,Capital Federal,CABA,Av. Rivadavia 999,-34.6083222,-58.3805083
Carrefour Hipermercado,Río Negro,Bariloche,Francisco Pascacio Moreno 909,-41.1357951,-71.3036725
Carrefour Hipermercado,Buenos Aires,San Martín,Av. San Martín 420,-37.4649187,-61.9308561
Carrefour Market,Capital Federal,CABA,Av. Rivadavia 2243,-34.6095451,-58.3982905
Carrefour Express,Córdoba,Córdoba,San Jerónimo 444,-31.3149377,-64.3024158
Carrefour Hipermercado,Buenos Aires,San Nicolás de los Arroyos,Bartolomé Mitre 264,-33.3315917,-60.2205246
Carrefour Hipermercado,Neuquén,Neuquén,Av. Coronel Olascoaga 350,-39.2397274,-70.9161043
Carrefour Hipermercado,Corrientes,Corrientes,Av. Ferré 2985,-27.4773014,-58.815497
Carrefour Hipermercado,Buenos Aires,Monte Grande,Camino de Cintura 2200,-38.9808116,-61.2499769
Carrefour Hipermercado,Tierra del Fuego,Ushuaia,12 de Octubre 169,-54.807306,-68.3084133
Carrefour Hipermercado,Chubut,Trelew,Soberanía Nacional 140,-43.2590643,-65.3122867
Carrefour Express,Capital Federal,CABA,Rojas 726,-34.6125961,-58.4450281
Carrefour Market,Chubut,Puerto Madryn,28 de Julio 136,-42.7666178,-65.0353194
Carrefour Maxi,Jujuy,San Salvador de Jujuy,Balcarce 408,-24.1850487,-65.3055319
Carrefour Maxi,Jujuy,San Salvador de Jujuy,Av. 19 de Abril 779,-24.1887798,-65.301166
Carrefour Hipermercado,Mendoza,Guaymallén,Av. Acceso Este Lateral Sur,-32.8981801,-68.8151362
Carrefour Express,Salta,Salta,Av. Bicentenario Batalla de Salta 702,-24.7892946,-65.4103194
Carrefour Express,Mendoza,Mendoza,San Juan 1128,-32.8906081,-68.8372029
Carrefour Express,Capital Federal,CABA,Avenida Independencia 2054,-34.6184434,-58.3953089
Carrefour Hipermercado,Salta,Salta,Av. Entre Ríos 1816,-24.7796064,-65.4273813
Carrefour Market,Tucumán,San Miguel de Tucumán,24 de Septiembre 653,-26.8387609,-65.2395113
Carrefour Market,Tucumán,San Miguel de Tucumán,San Martín 344,-26.8301715,-65.2021144
Carrefour Hipermercado,Catamarca,San Fernando del Valle de Catamarca,Hipólito Yrigoyen 1283,-28.4769964,-65.7786778
Carrefour Hipermercado,Chubut,Puerto Madryn,Gales 1315,-42.7748478,-65.0493839
Carrefour Hipermercado,Santa Fe,Rosario,Av. Circunvalación,-32.8738006,-60.7024585
Carrefour Hipermercado,Tierra del Fuego,Río Grande,Perú 76,-53.7743044,-67.721401
Carrefour Market,Entre Ríos,Paraná,Santa Fe 606,-31.7227893,-60.5292308
Carrefour Market,Capital Federal,CABA,Juramento 2971,-34.5650148,-58.461976
Carrefour Hipermercado,Buenos Aires,Maschwitz,Juan Bautista Alberdi 555,-34.4116304,-58.5901053
Carrefour Market,La Pampa,Santa Rosa,Spinetto 1230,-36.6041343,-64.280598
Carrefour Maxi,Buenos Aires,Escobar,Gelves 530,-34.3296412,-58.809144
Carrefour Market,Capital Federal,CABA,Av. Corrientes 1160,-34.6038376,-58.3835182
Carrefour Market,Buenos Aires,Mar del Plata,Córdoba 1830,-38.0006006,-57.5476972
Carrefour Express,Córdoba,Córdoba,Jacinto de Altolaguirre 1679,-31.4800061,-64.1423307
Carrefour Market,Capital Federal,CABA,Olazábal 4734,-34.5744414,-58.4820651
Carrefour Market,Capital Federal,CABA,Av. Cabildo 3190,-34.5528808,-58.4653027
Carrefour Express,Capital Federal,CABA,Av. Córdoba 1439,-34.5991911,-58.3873939
Carrefour Hipermercado,Buenos Aires,Vicente López,Av. del Libertador 215,-34.5314199,-58.4664989
Carrefour Maxi,Buenos Aires,Avellaneda,Av. Presidente Hipólito Yrigoyen 299,-34.6648394,-58.3628061
Carrefour Express,Capital Federal,CABA,Av. Rivadavia 8421,-34.6337427,-58.482081
Carrefour Market,Buenos Aires,Carapachay,Independencia 3067,-34.5275381,-58.5358906
Carrefour Market,Buenos Aires,San Isidro,Av. Juan Segundo Fernández 1235,-34.4922102,-58.5471219
Carrefour Market,Buenos Aires,Villa Celina,Lacroze 5910,-34.7013584,-58.4864784
Carrefour Hipermercado,Buenos Aires,Olivos,Gob. Ugarte 1980,-34.5110708,-58.4901197
Carrefour Market,Buenos Aires,Ciudad Jardín del Palomar,De Los Ceibos 233,-34.6026627,-58.5936769
Carrefour Market,Capital Federal,CABA,Beruti 2951,-34.5899773,-58.4052855
Carrefour Express,Capital Federal,CABA,Av. San Juan 560,-34.6220277,-58.3735538
Carrefour Market,Buenos Aires,Campana,Av. Mitre 1085,-34.1627308,-58.9656032
Carrefour Market,Buenos Aires,Martínez,Av. del Libertador 13060,-34.4903732,-58.4850767
Carrefour Hipermercado,Buenos Aires,Moreno,Av. Gaona y Graham Bell,-34.6396556,-58.7898326
Carrefour Hipermercado,Buenos Aires,Zárate,Av. Lavalle 1879,-34.119507,-59.0189451
Carrefour Market,Buenos Aires,Martínez,Sáenz Valiente 206,-34.4874887,-58.5060026
Carrefour Market,Buenos Aires,Villa Ballester,América 4006,-34.5509077,-58.5559691
Carrefour Express,Capital Federal,CABA,Paraguay 919,-34.5976855,-58.3800657
Carrefour Hipermercado,Capital Federal,CABA,José Pedro Varela 4750,-34.6108859,-58.5160865
Carrefour Market,Capital Federal,CABA,Av. Raúl Scalabrini Ortiz 3128,-34.5994883,-58.4381655
Carrefour Market,Buenos Aires,Vicente López,Av. Maipú 940,-34.5294225,-58.4813987
Carrefour Hipermercado,Buenos Aires,San Miguel,Av. Pdte. J. D. Perón 111,-34.543006,-58.711966
Carrefour Market,Buenos Aires,Hurlingham,Av. Vergara 4121,-34.6026408,-58.6354268
Carrefour Hipermercado,Capital Federal,CABA,Av. Donato Álvarez 1351,-34.5937038,-58.4688851
Carrefour Hipermercado,Buenos Aires,Mar del Plata,Av. Constitución 7598,-37.9421929,-57.5997039
Carrefour Hipermercado,Capital Federal,CABA,Av. Roosevelt 5749,-34.5775761,-58.4946241
Carrefour Maxi,Buenos Aires,Tigre,Almirante Brown 371,-34.43309,-58.5657497
Carrefour Express,Córdoba,Córdoba,Paraná 473,-31.4236505,-64.1796743
Carrefour Express,Córdoba,Córdoba,Octavio Pinto 2665,-31.3893211,-64.2155002
Carrefour Express,Córdoba,Córdoba,Av. Ambrosio Olmos 929,-31.4318675,-64.1916728
Carrefour Express,Córdoba,Córdoba,Jose Roque Funes 1145,-31.3801503,-64.2449867
Carrefour Market,Buenos Aires,Martínez,Santa Fe 2349,-34.492914,-58.4996644
Carrefour Hipermercado,Buenos Aires,Bernal,Av. Dardo Rocha 849,-34.7151264,-58.29864
Carrefour Hipermercado,Buenos Aires,Pergamino,Santiago del Estero 1351,-33.9009649,-60.5517414
Carrefour Hipermercado,Buenos Aires,Adrogué,Hipólito Yrigoyen 13500,-34.8116715,-58.399603
Carrefour Hipermercado,Buenos Aires,Lomas de Zamora,Oliden 450,-34.7688272,-58.4112004
Carrefour Hipermercado,Buenos Aires,Campana,Colectora Norte 1647,-34.1865177,-58.945458
Carrefour Hipermercado,Entre Ríos,Concordia,Av. Eva Perón 2250,-31.3684216,-58.0128039
Carrefour Hipermercado,Buenos Aires,Don Torcuato,Av. Ángel T. de Alvear 1960,-34.4886587,-58.6266492
Carrefour Hipermercado,San Luis,Villa Mercedes,Av. 25 de Mayo 876,-33.6457876,-65.4599881
Carrefour Express,Capital Federal,Flores,Avenida Rivadavia 7070,-34.6296494,-58.4649879
Carrefour Market,Capital Federal,CABA,Av. Nazca 2951,-34.6020574,-58.4892497
Carrefour Hipermercado,Buenos Aires,General Pacheco,Boulogne Sur Mer 301,-34.4608112,-58.6296031
Carrefour Hipermercado,Córdoba,Córdoba,Av. O'Higgins 3765,-31.4560127,-64.1673978
Carrefour Hipermercado,Entre Ríos,Gualeguaychú,Av. Primera Junta,-33.0010487,-58.5217158
Carrefour Hipermercado,Buenos Aires,Luján,Av. Pellegrini 1050,-34.5616083,-59.1038215
Carrefour Market,Entre Ríos,Paraná,San Juan 609,-31.7269962,-60.5240793
Carrefour Maxi,Entre Ríos,Paraná,Hipólito Yrigoyen 223,-31.8688244,-60.0069033
Carrefour Express,Capital Federal,CABA,Av. San Martín 2999,-34.602151,-58.4671388
Carrefour Express,Capital Federal,CABA,Av. La Plata 430,-34.6198356,-58.4281001
Carrefour Market,Entre Ríos,Paraná,Av. de las Américas 1731,-31.7849048,-60.5174401
Carrefour Hipermercado,Buenos Aires,San Fernando,Ruta 202,-34.4433396,-58.5560882
Carrefour Express,Capital Federal,CABA,Carlos Pellegrini 587,-34.6015328,-58.3809324
Carrefour Express,Capital Federal,CABA,Arce 728,-34.5687444,-58.4348341
Carrefour Market,Buenos Aires,Acassuso,Av. del Libertador 14893,-34.4766709,-58.4976521
Carrefour Market,Buenos Aires,Olivos,Av. Maipú 3393,-34.504475,-58.4936636
Carrefour Market,Buenos Aires,San Isidro,Diego Carman 451,-34.495238,-58.5455654
Carrefour Maxi,Buenos Aires,Pergamino,Bvard. Rocha 1352,-33.897495,-60.575046
Carrefour Market,Buenos Aires,San Nicolás,Av. Moreno 10,-33.3361215,-60.2227831
Carrefour Express,Capital Federal,CABA,Av. Independencia 1520,-34.6180085,-58.3878265
Carrefour Market,Capital Federal,CABA,Av. Mosconi 2861,-34.5856808,-58.5018707
Carrefour Hipermercado,Santa Fe,Venado Tuerto,Bvard. 12 de Octubre 1060,-33.7455871,-61.9686068
Carrefour Hipermercado,Capital Federal,CABA,Warnes 2707,-34.596948,-58.4767769
Carrefour Express,Capital Federal,CABA,Av. Gral. Las Heras 2397,-34.6095579,-58.3887904
Carrefour Express,Mendoza,Mendoza,Rivadavia 57,-32.8915402,-68.8404048
Carrefour Market,Entre Ríos,Paraná,Santos Domínguez 808,-31.7543228,-60.5084703
Carrefour Market,Entre Ríos,Paraná,México 404,-31.7253971,-60.5334952
Carrefour Express,Capital Federal,CABA,Av. Ángel Gallardo 30,-34.6024276,-58.432536
Carrefour Maxi,Entre Ríos,Paraná,Av. Don Bosco 465,-31.7360325,-60.4964775
Carrefour Express,Mendoza,Mendoza,Roque Saenz Peña 121,-33.0380585,-68.8816259
Carrefour Hipermercado,Santa Fe,Rosario,Pueyrredón 747,-32.9422897,-60.6571474
Carrefour Express,Mendoza,Mendoza,Tiburcio Benegas 2306,-32.8752468,-68.8475292
Carrefour Express,Córdoba,Villa Carlos Paz,José Ingenieros 59,-31.4226687,-64.4968088
Carrefour Market,Capital Federal,CABA,Av. Monroe 1655,-34.5651633,-58.4709104
Carrefour Market,Buenos Aires,San Fernando,Av. Pdte. Tte. Gral. J. D. Perón 1350,-34.4471919,-58.5701505
Carrefour Express,Capital Federal,CABA,Av. Cabildo 3722,-34.5488872,-58.4684819
Carrefour Market,Capital Federal,CABA,Av. Raúl Scalabrini Ortiz 1840,-34.5894194,-58.4229236
Carrefour Maxi,Buenos Aires,José León Suárez,Av. Brigadier Juan Manuel de Rosas 1271,-34.5261616,-58.5725244
Carrefour Hipermercado,Buenos Aires,Pilar,Av. Lagomarsino 905,-34.4180851,-58.7757357
Carrefour Express,Córdoba,Córdoba,Av. Sagrada Familia 1305,-31.3877275,-64.2284862
Carrefour Market,Mendoza,Mendoza,Av. Colón 324,-32.8945346,-68.8448991
Carrefour Express,Mendoza,Mendoza,Av. Las Heras 306,-32.5923257,-69.3442744
Carrefour Express,Mendoza,Tupungato,Avenida Belgrano 1170,-33.3640335,-69.1440466
Carrefour Market,Mendoza,Luján de Cuyo,Azcuénaga 51,-33.0366274,-68.8785576
Carrefour Hipermercado,Mendoza,Mendoza,Las Heras 798,-32.8846223,-68.8482891
Carrefour Express,Capital Federal,CABA,Piedras 383,-34.6125328,-58.377655
Carrefour Hipermercado,Chubut,Comodoro Rivadavia,Av. Polonia 1340,-45.8624064,-67.5441458
Carrefour Maxi,Buenos Aires,Ituzaingó,Blas Parera 651,-34.6689561,-58.6631904
Carrefour Market,Córdoba,Alto Verde,Bvard. Granaderos 2906,-31.3708179,-64.2166823
Carrefour Market,Buenos Aires,Olavarría,Av. del Valle 4379,-36.9083791,-60.3142281
Carrefour Hipermercado,Buenos Aires,General Rodríguez,Bernardo de Irigoyen 1500,-34.6086065,-58.9531094
Carrefour Express,Capital Federal,CABA,Formosa 565,-34.6213203,-58.436228
Carrefour Express,Capital Federal,CABA,Arenales 975,-34.5940272,-58.381044
Carrefour Hipermercado,Capital Federal,CABA,Av. Gral. Paz 12950,-34.6646681,-58.5145669
Carrefour Express,Capital Federal,CABA,Gral. Deheza 2239,-34.6095579,-58.3887904
Carrefour Express,Capital Federal,CABA,Av. Pueyrredón 2464,-34.5858302,-58.3941353
Carrefour Express,Capital Federal,CABA,Esmeralda 823,-34.5985615,-58.3782353
Carrefour Express,Capital Federal,CABA,Talcahuano 841,-34.5987382,-58.3854291
Carrefour Express,Capital Federal,CABA,Suipacha 726,-34.5998573,-58.3798069
Carrefour Express,Capital Federal,CABA,Fray Justo Sta. María de Oro 2709,-34.5772073,-58.4223061
Carrefour Express,Capital Federal,CABA,Av. Gral. Las Heras 1936,-34.6095579,-58.3887904
Carrefour Express,Capital Federal,CABA,Campana 3050,-34.6026551,-58.4963808
Carrefour Hipermercado,Buenos Aires,Tandil,Panamá 351,-37.3237172,-59.1140063
Carrefour Express,Capital Federal,CABA,Chivilicoy 3840,-34.6095579,-58.3887904
Carrefour Express,Capital Federal,CABA,Monroe 2771,-34.5602149,-58.4633444
Carrefour Express,Capital Federal,CABA,Cerviño 4634,-34.5754222,-58.4228635
Carrefour Express,Capital Federal,CABA,Montañeses 2267,-34.5558509,-58.4501149
Carrefour Express,Capital Federal,CABA,Av. Segurola 2344,-34.6232264,-58.496173
Carrefour Express,Capital Federal,CABA,José Pedro Varela 3191,-34.5983624,-58.4972497
Carrefour Express,Capital Federal,CABA,Ramón Falcón 2402,-34.6301877,-58.4623012
Carrefour Express,Capital Federal,CABA,Anchorena 1253,-34.6088795,-58.4120171
Carrefour Express,Capital Federal,CABA,Arroyo 859,-34.5914712,-58.3793738
Carrefour Hipermercado,Santa Fe,Rosario,C. Pellegrini 3250,-32.9487049,-60.7129179
Carrefour Express,Capital Federal,CABA,Sucre 2480,-34.5644065,-58.4557728
Carrefour Express,Capital Federal,CABA,Del Carril 3210,-34.5933957,-58.5021902
Carrefour Express,Capital Federal,CABA,Montes de Oca 304,-34.6322717,-58.3759551
Carrefour Express,Capital Federal,CABA,Directorio 1766,-34.629461,-58.4428148
Carrefour Express,Capital Federal,CABA,Vidal 2357,-34.5617535,-58.4623521
Carrefour Express,Capital Federal,CABA,Av. Álvarez Jonte 4872,-34.6330663,-58.5203331
Carrefour Express,Capital Federal,CABA,Av. Gral. Las Heras 2643,-34.6095579,-58.3887904
Carrefour Express,Capital Federal,CABA,Godoy Cruz 2793,-34.5778409,-58.4244007
Carrefour Express,Capital Federal,CABA,Lavalle 1749,-34.6030506,-58.3917695
Carrefour Hipermercado,Santa Fe,Rosario,Necochea 2579,-32.9696138,-60.6286487
Carrefour Express,Capital Federal,CABA,Fitz Roy 2470,-34.5778231,-58.4292209
Carrefour Express,Capital Federal,CABA,Charcas 3171,-34.5924419,-58.4109144
Carrefour Express,Capital Federal,CABA,Paraguay 521,-34.5973667,-58.3745179
Carrefour Express,Capital Federal,CABA,Cuba 2776,-34.554692,-58.4602582
Carrefour Express,Capital Federal,CABA,Charcas 3315,-34.5914279,-58.412432
Carrefour Express,Capital Federal,CABA,Av. Federico Lacroze 2566,-34.572185,-58.446025
Carrefour Express,Capital Federal,CABA,Tucumán 831,-34.6011892,-58.3786502
Carrefour Express,Capital Federal,CABA,Av. de Los Incas 4466,-34.5811869,-58.4738957
Carrefour Express,Capital Federal,CABA,Ortega y Gasset 1876,-34.5706606,-58.4328484
Carrefour Express,Capital Federal,CABA,Viamonte 351,-34.5995719,-58.3720537
Carrefour Express,Capital Federal,CABA,Amenábar 1187,-34.569976,-58.4504181
Carrefour Express,Capital Federal,CABA,Marcelo T. de Alvear 2251,-34.596848,-58.3995834
Carrefour Express,Capital Federal,CABA,Suárez 1599,-34.6384273,-58.3732621
Carrefour Express,Capital Federal,CABA,José Andrés Pacheco de Melo 2648,-34.5868324,-58.4014832
Carrefour Express,Capital Federal,CABA,Av. Rivadavia 3421,-34.6106368,-58.414826
Carrefour Express,Capital Federal,CABA,Av. Cabildo 34,-34.5748846,-58.4360293
Carrefour Express,Capital Federal,CABA,Echeverría 2067,-34.5609948,-58.4526832
Carrefour Express,Capital Federal,CABA,Rodríguez Peña 1185,-34.595113,-58.3919149
Carrefour Express,Capital Federal,CABA,Paraná 1053,-34.601182,-58.3880781
Carrefour Express,Capital Federal,CABA,Av. Pueyrredón 1054,-34.5843761,-58.390992
Carrefour Hipermercado,Buenos Aires,Ituzaingó,Av. Ing. Ratti 1860,-34.6583293,-58.6671441
Carrefour Express,Capital Federal,CABA,Av. de Los Incas 5174,-34.5867048,-58.481274
Carrefour Express,Capital Federal,CABA,Moldes 1718,-34.5671706,-58.4565653
Carrefour Express,Capital Federal,CABA,Av. Directorio 1063,-34.6291701,-58.4424897
Carrefour Express,Capital Federal,CABA,Av. Independencia 1833,-34.6180401,-58.3922848
Carrefour Express,Capital Federal,CABA,Ciudad de la Paz 353,-34.5740809,-58.4418532
Carrefour Express,Capital Federal,CABA,Nazca 1944,-34.612048,-58.4810869
Carrefour Express,Capital Federal,CABA,Estado de Israel 4309,-34.5978525,-58.4269009
Carrefour Express,Capital Federal,CABA,Cuba 2919,-34.5533694,-58.4620097
Carrefour Express,Capital Federal,CABA,Av. Caseros 2864,-34.6368256,-58.4032026
Carrefour Express,Capital Federal,CABA,Av. Juan Bautista Alberdi 371,-34.6227727,-58.4331084
Carrefour Express,Capital Federal,CABA,Olazábal 5483,-34.5789816,-58.4904307
Carrefour Express,Capital Federal,CABA,11 de Septiembre 3910,-34.5368595,-58.4677395
Carrefour Express,Capital Federal,CABA,Dr. Rómulo Naón 2401,-34.5592451,-58.4793105
Carrefour Express,Capital Federal,CABA,Esmeralda 428,-34.6031129,-58.3781471
Carrefour Express,Capital Federal,CABA,Álvarez Jonte 3709,-34.6132721,-58.4936448
Carrefour Express,Capital Federal,CABA,Maipú 26,-34.6077943,-58.3764979
Carrefour Express,Capital Federal,CABA,Otamendi 454,-34.6113765,-58.4336599
Carrefour Market,Capital Federal,CABA,Av. Córdoba 2529,-34.5987831,-58.4028559
Carrefour Market,Capital Federal,CABA,Av. Belgrano 1160,-34.6121919,-58.3675959
Carrefour Market,Buenos Aires,Adrogué,Seguí 849,-34.8089908,-58.4138095
Carrefour Market,Capital Federal,CABA,Av. Santa Fe 5234,-34.5760203,-58.4336253
Carrefour Market,Capital Federal,CABA,Av. Rivadavia 5973,-34.6235446,-58.4490838
Carrefour Express,Capital Federal,CABA,Av. Cabildo 2865,-34.5557351,-58.4619635
Carrefour Express,Capital Federal,CABA,Jorge Luis Borges 2463,-34.5823462,-58.4211382
Carrefour Express,Capital Federal,CABA,Av. Santa Fe 4489,-34.5791646,-58.4240098
Carrefour Express,Capital Federal,CABA,Av. Federico Lacroze 4106,-34.5730165,-58.4465853
Carrefour Express,Capital Federal,CABA,Av. San Martín 2289,-34.604041,-58.4597474
Carrefour Express,Capital Federal,CABA,Av. Corrientes 5980,-34.5936132,-58.4457245
Carrefour Express,Capital Federal,CABA,Av. Rivadavia 9436,-34.6372369,-58.4970848
Carrefour Express,Capital Federal,CABA,Av. del Barco Centenera 177,-34.6520156,-58.4226709
Carrefour Express,Capital Federal,CABA,Av. Corrientes 1974,-34.604616,-58.3948555
Carrefour Express,Capital Federal,CABA,Av. Santa Fe 5052,-34.5769359,-58.4310697
Carrefour Express,Capital Federal,CABA,Av. Medrano 686,-34.6022092,-58.4209368
Carrefour Express,Capital Federal,CABA,Av. Juan Bautista Alberdi 5719,-34.6506049,-58.5016441
Carrefour Express,Capital Federal,CABA,Salta 1637,-34.6272868,-58.3829293
Carrefour Express,Capital Federal,CABA,Perú 916,-34.6187108,-58.3742951
Carrefour Express,Capital Federal,CABA,Av. Gaona 3567,-34.620817,-58.4751104
Carrefour Hipermercado,Santa Fe,Rosario,Eva Perón 5856,-32.9336176,-60.7006165
Carrefour Express,Capital Federal,CABA,Tucumán 2173,-34.6021073,-58.398051
Carrefour Express,Capital Federal,CABA,Eva Perón 3479,-34.6446279,-58.4647208
Carrefour Express,Capital Federal,CABA,Av. Caseros 3535,-34.6282655,-58.3772518
Carrefour Express,Capital Federal,CABA,Venezuela 4086,-34.6178356,-58.422346
Carrefour Express,Capital Federal,CABA,Av. San Juan 3900,-34.6261343,-58.4200433
Carrefour Express,Capital Federal,CABA,Av. San Juan 4351,-34.6266639,-58.425979
Carrefour Express,Capital Federal,CABA,Av. Almafuerte 880,-34.6481161,-58.4159155
Carrefour Express,Capital Federal,CABA,Fray C. Rodríguez 464,-34.6238031,-58.4646777
Carrefour Express,Capital Federal,CABA,Carlos Calvo 1826,-34.6202807,-58.3921068
Carrefour Express,Capital Federal,CABA,Olavarría 469,-34.6364509,-58.3594393
Carrefour Hipermercado,Buenos Aires,Merlo,Av. Argentina 1915,-34.6782132,-58.7268485
Carrefour Express,Capital Federal,CABA,Av. Gaona 1384,-34.6089551,-58.4485222
Carrefour Express,Capital Federal,CABA,Av. Belgrano 3447,-34.6154557,-58.415028
Carrefour Express,Buenos Aires,Lomas de Zamora,Murature 2169,-34.7278397,-58.4222422
Carrefour Express,Capital Federal,CABA,Av. Castañares 4854,-34.6670706,-58.4727178
Carrefour Express,Buenos Aires,Luján,Bartolomé Mitre 226,-34.5970145,-60.943769
Carrefour Express,Buenos Aires,José León Suárez,Av. Brig. Gral. Juan Manuel de Rosas 2553,-34.534488,-58.5762177
Carrefour Express,Capital Federal,CABA,Montañeses 2067,-34.5576694,-58.4485427
Carrefour Express,Buenos Aires,Haedo,Av. Rivadavia 16051,-34.6455206,-58.5908078
Carrefour Express,Buenos Aires,Adolfo Sourdeaux,Rosario 4558,-34.5024385,-58.6700338
Carrefour Express,Buenos Aires,Villa Ballester,Independencia 4731,-34.5506619,-58.5543468
Carrefour Hipermercado,Buenos Aires,Haedo,Dr. Luis Güemes 369,-34.6395395,-58.5811921
Carrefour Express,Buenos Aires,San Martín,Carrillo 2170,-34.5760032,-58.5388487
Carrefour Express,Buenos Aires,Victoria,Av. Pdte. Tte. Gral. J. D. Perón 3283,-34.4541012,-58.5407091
Carrefour Express,Buenos Aires,Del Viso,Av. Ing. Eduardo Madero 1050,-34.4534551,-58.7965583
Carrefour Express,Buenos Aires,Maquinista Savio,RP26 162,-34.403083,-58.7686202
Carrefour Express,Buenos Aires,Villa Adelina,Paraná 6543,-34.525685,-58.5488307
Carrefour Express,Buenos Aires,Beccar,Centenario 1890,-34.4612085,-58.5272492
Carrefour Express,Buenos Aires,Los Polvorines,25 de Mayo 2650,-34.5003212,-58.6948474
Carrefour Express,Buenos Aires,Castelar,Gob. Arias 2420,-34.6555638,-58.6425128
Carrefour Hipermercado,Chaco,Resistencia,Av. Ávalos,-27.4435712,-58.9923562
Carrefour Express,Buenos Aires,Tigre,Av. Cazón 1336,-34.4250611,-58.5779416
Carrefour Express,Buenos Aires,Munro,Vélez Sársfield 4690,-34.5307094,-58.524468
Carrefour Express,Buenos Aires,Morón,Sarmiento 837,-34.6479944,-58.620316
Carrefour Express,Buenos Aires,Don Bosco,Los Tilos 111,-34.6992439,-58.3019019
Carrefour Express,Buenos Aires,Florencio Varela,Camino Gral. Belgrano 6498,-34.7724209,-58.2780396
Carrefour Express,Buenos Aires,La Plata,Av. Arana 231,-34.8541099,-58.0798267
Carrefour Express,Buenos Aires,Monte Chingolo,Eva Perón 4461,-34.7291384,-58.3528375
Carrefour Express,Buenos Aires,Lanús,Cnel. D'Elia 1649,-34.7073871,-58.3905998
Carrefour Express,Buenos Aires,Burzaco,Carlos Pellegrini 844,-34.8255547,-58.3903359
Carrefour Express,Buenos Aires,Florencio Varela,Sallares 151,-34.8078511,-58.2754766
Carrefour Maxi,Chubut,Trelew,25 de Mayo 1665,-43.2588039,-65.3289815
Carrefour Express,Buenos Aires,Longchamps,Bolívar 1343,-34.8574193,-58.3822182
Carrefour Express,Buenos Aires,Almirante Brown,Guatambú 12,-34.8160864,-58.427501
Carrefour Express,Buenos Aires,Ezpeleta,Av. Centenario 5331,-34.7458429,-58.2418519
Carrefour Express,Buenos Aires,Banfield,Martín Rodríguez 1399,-34.7407172,-58.4030484
Carrefour Express,Buenos Aires,Quilmes,Av. Mitre 573,-34.7202984,-58.2549148
Carrefour Express,Buenos Aires,Gerli,Av. Hipólito Yrigoyen 2323,-34.6847012,-58.386568
Carrefour Express,Buenos Aires,Remedios de Escalada,Av. Gral. José de San Martín 3960,-34.7275895,-58.3953738
Carrefour Express,Buenos Aires,Glew,Sarmiento 72,-34.8884183,-58.384322
Carrefour Express,Buenos Aires,Budge,Claudio de Alas 2146,-34.7204198,-58.4628728
Carrefour Express,Buenos Aires,Lanús,Camino Gral. Belgrano 4861,-34.7093845,-58.3539033
Carrefour Hipermercado,Tucumán,San Miguel de Tucumán,Av. Catamarca 1116,-26.8266773,-65.2117739
Carrefour Express,Buenos Aires,Lanús,Eva Perón 3330,-34.7209969,-58.3630752
Carrefour Express,Buenos Aires,Quilmes,12 de Octubre 520,-34.7297779,-58.26386
Carrefour Express,Buenos Aires,Valentín Alsina,Pres. Tte. Gral. J. D. Perón 2640,-34.6719714,-58.4130153
Carrefour Express,Buenos Aires,Lomas de Zamora,Av. Eva Perón 5492,-34.7791022,-58.3952988
Carrefour Express,Buenos Aires,Wilde,Av. Mitre 6328,-34.7040646,-58.3168778
Carrefour Express,Buenos Aires,Lanús,29 de Septiembre 1880,-34.7063814,-58.3898481
Carrefour Express,Buenos Aires,Moreno,Bvard. A. Alcorta 2854,-34.6396556,-58.7898326
Carrefour Express,Buenos Aires,Isidro Casanova,Juan Manuel de Rosas 6956,-34.7043717,-58.5828646
Carrefour Express,Buenos Aires,San Miguel,Fraga 1629,-34.5305972,-58.7328194
Carrefour Hipermercado,Buenos Aires,Martín Coronado,Av. Pdte. J. D. Perón 7055,-34.5889657,-58.5906699
Carrefour Express,Buenos Aires,Villa Bosch,El Payador 5550,-34.5889957,-58.5731148
Carrefour Express,Buenos Aires,Gregorio de Laferrere,Av. Honorio Luque 6101,-34.7497091,-58.5914619
Carrefour Express,Buenos Aires,Hurlingham,Jauretche 1125,-34.5880228,-58.6308345
Carrefour Express,Buenos Aires,Ramos Mejía,9 de Julio 46,-34.6397924,-58.5652837
Carrefour Express,Buenos Aires,Merlo,Echeverri 943,-34.6604988,-58.7321695
Carrefour Express,Buenos Aires,Ramos Mejía,Av. de Mayo 1832,-34.6596053,-58.5620267
Carrefour Express,Buenos Aires,Villa Celina,Chilavert 1912,-34.6911139,-58.4817515
Carrefour Express,Buenos Aires,La Matanza,Dr. Enrique Simón Pérez 4566,-34.7959114,-58.6167069
Carrefour Express,Buenos Aires,Palomar,Misiones 6572,-34.6153167,-58.5846902
Carrefour Express,Buenos Aires,Merlo,Avenida Eva Perón 4215,-34.6817951,-58.6781778
Carrefour Hipermercado,Santa Cruz,Río Gallegos,Paseo de los Arrieros 1098,-51.6268852,-69.105804
Carrefour Express,Buenos Aires,La Matanza,Av. Crovara 875,-34.6790765,-58.5099292
Carrefour Express,Buenos Aires,Tapiales,Boulogne Sur Mer 1398,-34.7042924,-58.4938071
Carrefour Express,Buenos Aires,San Antonio de Padua,Alejandro Sullivan 1597,-34.6553887,-58.7127774
Carrefour Express,Buenos Aires,La Matanza,Av. Carlos Casares 642,-34.6977246,-58.6255213
Carrefour Express,Buenos Aires,Paso del Rey,Salvador María del Carril 49,-34.6572474,-58.7629154
Carrefour Express,Buenos Aires,San Antonio de Padua,Av. Pdte. J. D. Perón 23866,-34.6674521,-58.6986561
Carrefour Express,Capital Federal,Ciudad Autónoma de Buenos Aires,Av. San Juan 1374,-34.6224672,-58.3853874
Carrefour Express,Capital Federal,Ciudad Autónoma de Buenos Aires,La Rioja 2040,-34.6351829,-58.4057425
Carrefour Express,Capital Federal,Ciudad Autónoma de Buenos Aires,Av. Belgrano 1562,-34.6136951,-58.3883711
Carrefour Express,Capital Federal,Ciudad Autónoma de Buenos Aires,Av. Caseros 2423,-34.6353343,-58.396381
Carrefour Hipermercado,Buenos Aires,Florencio Varela,Av. Gral. José de San Martín 554,-34.8044384,-58.2783224
Carrefour Market,Capital Federal,Ciudad Autónoma de Buenos Aires,Av. Córdoba 1631,-34.5993695,-58.3903233
Carrefour Market,Capital Federal,Ciudad Autónoma de Buenos Aires,Av. Montes de Oca 970,-34.6393599,-58.3743284
Carrefour Express,Capital Federal,Ciudad Autónoma de Buenos Aires,Pedro Lozano 3150,-34.6009908,-58.4945115
Carrefour Express,Capital Federal,Ciudad Autónoma de Buenos Aires,Charcas 3940,-34.5866246,-58.4193176
Carrefour Express,Buenos Aires,Grand Bourg,Fco. Seguí 1519,-34.4885224,-58.7265324
Carrefour Express,Buenos Aires,Berazategui,Avenida 14 5072,-34.7527744,-58.1916686
Carrefour Express,Buenos Aires,Ezeiza,José Hernández 130,-34.8546446,-58.5208721
Carrefour Express,Buenos Aires,Merlo,Av. Juan Domingo Perón 25694,-34.6602803,-58.7537724
Carrefour Express,Buenos Aires,Gregorio de Laferrere,Luro 6329,-34.7516599,-58.5834443
Carrefour Express,Buenos Aires,La Matanza,Av. Cristianía 1832,-34.6973663,-58.6014405
Carrefour Hipermercado,Capital Federal,Ciudad Autónoma de Buenos Aires,Av. Álvarez Jonte 6383,-34.6331405,-58.5206013
Carrefour Hipermercado,Córdoba,Córdoba,Recta Martinolli 7850,-31.3573551,-64.2422028
Carrefour Maxi,Jujuy,Jujuy,Colectora Ejército del Norte 1545,-24.2215739,-64.835172
Carrefour Maxi,Buenos Aires,San Vicente,Av. Presidente Perón 2702,-34.9623695,-58.3921037
Carrefour Maxi,Córdoba,Córdoba,Cacheuta 4483,-31.4609877,-64.2157091
Carrefour Maxi,Buenos Aires,Pilar,Ruta 25 6500,-34.4490706,-58.9057748
Carrefour Maxi,Chaco,Resistencia,Ruta 11 y Av. Alvear,-27.6048829,-59.1932003
Carrefour Maxi,Mendoza,Mendoza,Balcarce 141,-32.9189449,-68.8361243
Carrefour Maxi,Buenos Aires,Bella Vista,Avenida Pres. Arturo Illia 179,-34.5684085,-58.6894883
Carrefour Maxi,Capital Federal,Boedo,Av. San Juan 3330,-34.6251424,-58.4125801
Carrefour Hipermercado,Buenos Aires,Tigre,Santa María de las Conchas 4500,-34.4081109,-58.6181016
Carrefour Market,Capital Federal,Ciudad Autónoma de Buenos Aires,Av. Díaz Vélez,-34.608642,-58.4365582
Carrefour Market,Capital Federal,Ciudad Autónoma de Buenos Aires,Av. Rivadavia 3221,-34.6104448,-58.412065
Carrefour Express,Buenos Aires,Pilar,Ramírez 43,-34.4550242,-58.9099301
Carrefour Market,Capital Federal,Ciudad Autónoma de Buenos Aires,Av. Fco. Beiró 5204,-34.6095579,-58.3887904
Carrefour Market,Buenos Aires,San Isidro,Cosme Beccar 437,-34.4704024,-58.5146186
Carrefour Market,Capital Federal,Ciudad Autónoma de Buenos Aires,Av. Federico Lacroze 3117,-34.5771742,-58.4491362
Carrefour Hipermercado,Buenos Aires,Lomas de Zamora,Las Heras 1163,-34.748074,-58.4112022
Carrefour Express,Buenos Aires,3 de Febrero,Av. Urquiza 4855,-34.5718753,-58.4251993
Carrefour Express,Buenos Aires,La Matanza,Arieta 2850,-34.6762361,-58.5635304
Carrefour Express,Buenos Aires,General Rodríguez,Bernardo de Irigoyen 746,-34.6082587,-58.9535318
Carrefour Express,Capital Federal,Ciudad Autónoma de Buenos Aires,Crisólogo Larralde 3721,-34.5553829,-58.4799942
Carrefour Express,Capital Federal,Ciudad Autónoma de Buenos Aires,H. Pueyrredón 925,-34.5794479,-58.5040849
Carrefour Express,Capital Federal,Ciudad Autónoma de Buenos Aires,Fray Justo Sta. María de Oro 2121,-34.5832196,-58.4277094
Carrefour Express,Capital Federal,Ciudad Autónoma de Buenos Aires,Aguirre 236,-34.5999237,-58.4336529
Carrefour Express,Capital Federal,Ciudad Autónoma de Buenos Aires,Viamonte 2296,-34.6011753,-58.3996227
Carrefour Hipermercado,Neuquén,Neuquén,Antártida Argentina 3600,-38.9466767,-68.110078
Carrefour Express,Capital Federal,Ciudad Autónoma de Buenos Aires,Av. Rivadavia 6074,-34.6247234,-58.4513285
Carrefour Express,Capital Federal,Ciudad Autónoma de Buenos Aires,Arévalo 1736,-34.5805369,-58.4400517
Carrefour Express,Capital Federal,Ciudad Autónoma de Buenos Aires,Rosario 85,-34.6183058,-58.4296128
Carrefour Express,Capital Federal,Ciudad Autónoma de Buenos Aires,Martiniano Leguizamón 1576,-34.6532789,-58.5071323
Carrefour Express,Capital Federal,Ciudad Autónoma de Buenos Aires,Murguiondo 4324,-34.6779565,-58.4742472
Carrefour Express,Capital Federal,Ciudad Autónoma de Buenos Aires,Ricardo Balbín 4189,-34.5549417,-58.4905923
Carrefour Express,Capital Federal,Ciudad Autónoma de Buenos Aires,Charcas 4389,-34.5830845,-58.4237773
Carrefour Express,Capital Federal,Ciudad Autónoma de Buenos Aires,Hipólito Yrigoyen 3254,-34.6123376,-58.412546
Carrefour Express,Capital Federal,Ciudad Autónoma de Buenos Aires,Donato Álvarez 837,-34.6164377,-58.4581113
Carrefour Hipermercado,Córdoba,Villa Allende,Av. Río de Janeiro 1787,-31.2956004,-64.2900416
Carrefour Express,Capital Federal,Ciudad Autónoma de Buenos Aires,Av. Leandro N. Alem 432,-34.6026699,-58.370574
Carrefour Express,Capital Federal,Ciudad Autónoma de Buenos Aires,Maipú 918,-34.5973455,-58.3769985
Carrefour Express,Capital Federal,Ciudad Autónoma de Buenos Aires,Segurola 279,-34.6314074,-58.4854205
Carrefour Express,Capital Federal,Ciudad Autónoma de Buenos Aires,Olazábal 5179,-34.5768195,-58.4867334
Carrefour Express,Capital Federal,Ciudad Autónoma de Buenos Aires,Libertad 1043,-34.6044683,-58.3836799
Carrefour Express,Capital Federal,Ciudad Autónoma de Buenos Aires,Moreno 1902,-34.6127929,-58.3933705
Carrefour Express,Capital Federal,Ciudad Autónoma de Buenos Aires,Av. Dorrego 851,-34.5914076,-58.4470741
Carrefour Express,Capital Federal,Ciudad Autónoma de Buenos Aires,Av. Congreso 5241,-34.5705857,-58.4920014
Carrefour Express,Capital Federal,Ciudad Autónoma de Buenos Aires,Suipacha 366,-34.6040652,-58.3795005
Carrefour Hipermercado,Formosa,Formosa,Av. Gustnisky 2040,-26.1852983,-58.1744976
Carrefour Express,Capital Federal,Ciudad Autónoma de Buenos Aires,Sarmiento 3885,-34.6050437,-58.4194543
Carrefour Express,Capital Federal,Ciudad Autónoma de Buenos Aires,Monroe 3576,-34.5652573,-58.4707696
Carrefour Express,Capital Federal,Ciudad Autónoma de Buenos Aires,Av. Rivadavia 3751,-34.610945,-58.4191618
Carrefour Express,Capital Federal,Ciudad Autónoma de Buenos Aires,Cuzco 135,-34.6379781,-58.5277592
Carrefour Express,Capital Federal,Ciudad Autónoma de Buenos Aires,Chilavert 6280,-34.6851793,-58.4746591
Carrefour Express,Capital Federal,Ciudad Autónoma de Buenos Aires,Güemes 4159,-34.5847696,-58.4191215
Carrefour Express,Capital Federal,Ciudad Autónoma de Buenos Aires,Grecia 3595,-34.5465135,-58.4630614
Carrefour Express,Capital Federal,Ciudad Autónoma de Buenos Aires,Arzobispo Espinosa 1187,-34.6334902,-58.3699389
Carrefour Express,Capital Federal,Ciudad Autónoma de Buenos Aires,Sarmiento 345,-34.6042462,-58.3716523
Carrefour Express,Capital Federal,Ciudad Autónoma de Buenos Aires,Teodoro García 2310,-34.5683947,-58.4445594
Carrefour Hipermercado,Buenos Aires,Glew,Av. Hipólito Yrigoyen 20260,-34.8830345,-58.3887627
Carrefour Express,Capital Federal,Ciudad Autónoma de Buenos Aires,Bartolomé Mitre 1751,-34.6078888,-58.3913364
Carrefour Express,Capital Federal,Ciudad Autónoma de Buenos Aires,Av. Ángel Gallardo 940,-34.6069391,-58.4434305
Carrefour Express,Capital Federal,Ciudad Autónoma de Buenos Aires,San Martín 620,-34.6007028,-58.3740756
Carrefour Express,Capital Federal,Ciudad Autónoma de Buenos Aires,Hidalgo 955,-34.6082363,-58.4415093
Carrefour Express,Capital Federal,Ciudad Autónoma de Buenos Aires,Ecuador 932,-34.5990638,-58.4061725
Carrefour Express,Capital Federal,Ciudad Autónoma de Buenos Aires,Av. Álvarez Thomas 1996,-34.5787212,-58.4693056
Carrefour Express,Capital Federal,Ciudad Autónoma de Buenos Aires,Olazábal 1898,-34.5574433,-58.4535326
Carrefour Express,Capital Federal,Ciudad Autónoma de Buenos Aires,Del Libertador 1140,-34.5519371,-58.4561486
Carrefour Maxi,Buenos Aires,Tandil,Av. del Valle 324,-37.3146113,-59.1482703
Carrefour Express,Capital Federal,Ciudad Autónoma de Buenos Aires,Defensa 1400,-34.6240771,-58.371055
Carrefour Express,Capital Federal,Ciudad Autónoma de Buenos Aires,Tacuarí 89,-34.6093717,-58.3792262
Carrefour Express,Capital Federal,Ciudad Autónoma de Buenos Aires,Centenera 1282,-34.6561303,-58.4173521
Carrefour Express,Capital Federal,Ciudad Autónoma de Buenos Aires,Av. Córdoba 3721,-34.5976507,-58.4192264
Carrefour Express,Capital Federal,Ciudad Autónoma de Buenos Aires,García del Río 3166,-34.5517586,-58.4786008
Carrefour Express,Capital Federal,Ciudad Autónoma de Buenos Aires,Directorio 483,-34.6278484,-58.4334614
Carrefour Express,Capital Federal,Ciudad Autónoma de Buenos Aires,Núñez 1563,-34.5456666,-58.4596269
Carrefour Express,Capital Federal,Ciudad Autónoma de Buenos Aires,Av. Córdoba 2038,-34.599855,-58.3962566
Carrefour Express,Capital Federal,Ciudad Autónoma de Buenos Aires,Av. Callao 678,-34.6011372,-58.3928565
Carrefour Express,Capital Federal,Ciudad Autónoma de Buenos Aires,Av. Almirante Brown 795,-34.6320176,-58.3612353
Carrefour Hipermercado,Buenos Aires,Balcarce,Av. San Martín 405,-37.8319067,-58.2378188
Carrefour Express,Capital Federal,Ciudad Autónoma de Buenos Aires,Av. Corrientes 4147,-34.6028221,-58.4232777
Carrefour Express,Capital Federal,Ciudad Autónoma de Buenos Aires,Juan María Gutiérrez 3759,-34.5809102,-58.4130217
Carrefour Express,Capital Federal,Ciudad Autónoma de Buenos Aires,Av. Congreso 4781,-34.567649,-58.4864616
Carrefour Express,Capital Federal,Ciudad Autónoma de Buenos Aires,Av. de Mayo 1241,-34.6090884,-58.384033
Carrefour Express,Capital Federal,Ciudad Autónoma de Buenos Aires,Lima 945,-34.6388846,-58.3760133
Carrefour Express,Capital Federal,Ciudad Autónoma de Buenos Aires,Av. San Martín 5930,-34.5958668,-58.5001066
Carrefour Express,Capital Federal,Ciudad Autónoma de Buenos Aires,Rojas 16,-34.6202634,-58.4416381
Carrefour Express,Capital Federal,Ciudad Autónoma de Buenos Aires,Av. San Martín 4685,-34.5973904,-58.4861281
Carrefour Express,Capital Federal,Ciudad Autónoma de Buenos Aires,Perú 487,-34.6136268,-58.3747142
Carrefour Maxi,Mendoza,Mendoza,San Martín 169,-32.922406,-68.8475202
Carrefour Express,Capital Federal,Ciudad Autónoma de Buenos Aires,Peña 2544,-34.5889133,-58.4003336
Carrefour Express,Capital Federal,Ciudad Autónoma de Buenos Aires,Tte. Gral. J. D. Perón 4177,-34.6095579,-58.3887904
Carrefour Express,Capital Federal,Ciudad Autónoma de Buenos Aires,Echeverría 1420,-34.5572249,-58.4460674
Carrefour Express,Capital Federal,Ciudad Autónoma de Buenos Aires,Entre Ríos 1192,-34.6227394,-58.3914497
Carrefour Express,Capital Federal,Ciudad Autónoma de Buenos Aires,Inclán 2502,-34.629899,-58.399667
Carrefour Express,Capital Federal,Ciudad Autónoma de Buenos Aires,Cosquín 78,-34.6398395,-58.5235436
Carrefour Express,Capital Federal,Ciudad Autónoma de Buenos Aires,Av. Federico Lacroze 3660,-34.5822025,-58.451867
Carrefour Express,Capital Federal,Ciudad Autónoma de Buenos Aires,Sanabria 2733,-34.6110728,-58.5063424
Carrefour Express,Capital Federal,Ciudad Autónoma de Buenos Aires,Sarmiento 1810,-34.6057269,-58.3924596
Carrefour Express,Capital Federal,Ciudad Autónoma de Buenos Aires,Blanco Encalada 4470,-34.5717417,-58.4798522
Carrefour Hipermercado,Capital Federal,Ciudad Autónoma de Buenos Aires,Jerónimo Salguero 3212,-34.5748921,-58.4037068
Carrefour Express,Capital Federal,Ciudad Autónoma de Buenos Aires,Directorio 3960,-34.6410434,-58.4792917
Carrefour Express,Capital Federal,Ciudad Autónoma de Buenos Aires,Membrillar 33,-34.6288832,-58.4610655
Carrefour Express,Córdoba,Río Segundo,Sarmiento 870,-31.6532959,-63.9091364
Carrefour Express,Córdoba,Córdoba,Av. Castro Barros 858,-31.3974558,-64.1990437
Carrefour Express,Capital Federal,Ciudad Autónoma de Buenos Aires,Av. Juan Bautista Alberdi 3099,-34.6339737,-58.471132
Carrefour Express,Salta,Salta,Alvarado 620,-24.7911188,-65.4101023
Carrefour Market,Tucumán,Yerba Buena,Av. Aconquija 1591,-26.813195,-65.2924628
Carrefour Express,Córdoba,Córdoba,Deán Funes 1791,-31.4088,-64.2077157
Carrefour Express,Mendoza,Mendoza,Viamonte 3345,-33.0054999,-68.8868603
Carrefour Express,Mendoza,Mendoza,Guardia Vieja 1235,-33.033917,-68.9099931
Carrefour Express,Mendoza,Mendoza,Ruta 82 Esq. Calle Unión,-32.8894155,-68.8446177
Carrefour Express,Capital Federal,Ciudad Autónoma de Buenos Aires,C. Dr. Juan Felipe Aranguren 617,-34.6312257,-58.4918193
Carrefour Express,Capital Federal,Ciudad Autónoma de Buenos Aires,Espinosa 1632,-34.6052132,-58.4565006
Carrefour Express,Salta,Salta,Deán Funes 199,-24.7877361,-65.4081421
Carrefour Express,Capital Federal,Ciudad Autónoma de Buenos Aires,Av. Estado de Israel 4684,-34.6006414,-58.4307914
Carrefour Express,Capital Federal,Ciudad Autónoma de Buenos Aires,Av. Raúl Scalabrini Ortiz 918,-34.5954801,-58.4321455
Carrefour Express,Capital Federal,Ciudad Autónoma de Buenos Aires,Av. Libertador 788,-34.5879297,-58.3837193
Carrefour Express,Capital Federal,Ciudad Autónoma de Buenos Aires,Av. Juan Bautista Alberdi 7071,-34.6593973,-58.5132111
Carrefour Express,Córdoba,Córdoba,Obispo Trejo 1166,-31.4288832,-64.1910209
Carrefour Express,Córdoba,Córdoba,Chacabuco 727,-31.4163736,-64.4826176
Carrefour Express,Capital Federal,Ciudad Autónoma de Buenos Aires,Serrano 280,-34.5981681,-58.4450068
Carrefour Express,Capital Federal,Ciudad Autónoma de Buenos Aires,Av. del Libertador 4534,-34.5667123,-58.4318113
Carrefour Express,Córdoba,Córdoba,Av. Pueyrredón 298,-31.4260341,-64.192817
Carrefour Express,Capital Federal,Ciudad Autónoma de Buenos Aires,Av. Congreso 2774,-34.5573191,-58.4658647
Carrefour Express,Capital Federal,Ciudad Autónoma de Buenos Aires,Murguiondo 4054,-34.6758418,-58.4769407
Carrefour Express,Capital Federal,Ciudad Autónoma de Buenos Aires,Av. Rivadavia 4702,-34.6163891,-58.4318533
Carrefour Express,Capital Federal,Ciudad Autónoma de Buenos Aires,Río de Janeiro 71,-34.6144653,-58.4299681
Carrefour Express,Capital Federal,Ciudad Autónoma de Buenos Aires,Monroe 3131,-34.5624079,-58.4669846
Carrefour Express,Capital Federal,Ciudad Autónoma de Buenos Aires,Bulnes 2751,-34.5806139,-58.4058839
Carrefour Express,Capital Federal,Ciudad Autónoma de Buenos Aires,Ramos Mejía 1019,-34.6039623,-58.4333098
Carrefour Market,Buenos Aires,Pilar,Panamericana Ramal Pilar,-34.4570918,-58.9141609
Carrefour Express,Capital Federal,Ciudad Autónoma de Buenos Aires,Av. Avellaneda 1034,-34.6147295,-58.4400847
Carrefour Express,Capital Federal,Ciudad Autónoma de Buenos Aires,Boyacá 1082,-34.6159511,-58.4643315
Carrefour Express,Capital Federal,Ciudad Autónoma de Buenos Aires,Av. Rivadavia 2520,-34.6099997,-58.4021387
Carrefour Express,Capital Federal,Ciudad Autónoma de Buenos Aires,Nazca 3214,-34.5990282,-58.4917372
Carrefour Express,Capital Federal,Ciudad Autónoma de Buenos Aires,Montiel 1061,-34.6508467,-58.5257634
Carrefour Express,Capital Federal,Ciudad Autónoma de Buenos Aires,Ramón Falcón 5547,-34.6390809,-58.5049893
Carrefour Express,Capital Federal,Ciudad Autónoma de Buenos Aires,Av. Paseo Colón 1179,-34.6091392,-58.3696455
Carrefour Express,Capital Federal,Ciudad Autónoma de Buenos Aires,Av. Rivadavia 4119,-34.6126193,-58.4239531
Carrefour Hipermercado,Santa Cruz,Río Gallegos,Humberto Beghin 762,-51.6268852,-69.105804
Carrefour Express,Capital Federal,Ciudad Autónoma de Buenos Aires,Aráoz 2148,-34.5881406,-58.4191239
Carrefour Express,Capital Federal,Ciudad Autónoma de Buenos Aires,Lavalle 368,-34.6020497,-58.372073
Carrefour Express,Capital Federal,Ciudad Autónoma de Buenos Aires,Amenábar 2710,-34.5578279,-58.4632385
Carrefour Express,Capital Federal,Ciudad Autónoma de Buenos Aires,Bolívar 270,-34.6109283,-58.3733542
Carrefour Express,Capital Federal,Ciudad Autónoma de Buenos Aires,Moreno 1401,-34.612247,-58.386319
Carrefour Express,Capital Federal,Ciudad Autónoma de Buenos Aires,Viamonte 1380,-34.6006202,-58.3863998
Carrefour Express,Capital Federal,Ciudad Autónoma de Buenos Aires,Ayacucho 1401,-34.592706,-58.39472
Carrefour Express,Buenos Aires,Caseros,San Martín 2218,-34.6025478,-58.5615882
Carrefour Express,Buenos Aires,Derqui,Av. de Mayo 432,-34.4894445,-58.8424494
Carrefour Express,Capital Federal,Ciudad Autónoma de Buenos Aires,Pedro Goyena 188,-34.6255271,-58.4297741
Carrefour Express,Capital Federal,Ciudad Autónoma de Buenos Aires,Boulogne Sur Mer 431,-34.6050781,-58.4067803
Carrefour Express,Córdoba,Córdoba,Alvear 126,-33.117985,-64.3489198
Carrefour Express,Córdoba,Córdoba,Gral. Paz 240,-32.6328038,-62.6894702
Carrefour Express,Capital Federal,Ciudad Autónoma de Buenos Aires,Segurola 1441,-34.6226353,-58.49644
Carrefour Express,Córdoba,Córdoba,25 de Mayo 979,-31.4157728,-64.1695371
Carrefour Express,Capital Federal,Ciudad Autónoma de Buenos Aires,Luis María Drago 285,-34.6015404,-58.4370226
Carrefour Express,Capital Federal,Ciudad Autónoma de Buenos Aires,Bauness 2692,-34.5729024,-58.4895379
Carrefour Express,Córdoba,Córdoba,Belgrano 54,-31.415248,-64.1886662
Carrefour Express,Córdoba,Córdoba,San Martín 26,-31.4156957,-64.1837635
Carrefour Express,Capital Federal,Ciudad Autónoma de Buenos Aires,Av. Gral. Las Heras 2986,-34.6095579,-58.3887904
Carrefour Express,Capital Federal,Ciudad Autónoma de Buenos Aires,Hipólito Yrigoyen 1790,-34.6103788,-58.3915528
Carrefour Express,Capital Federal,Ciudad Autónoma de Buenos Aires,Viamonte 170,-34.5995499,-58.3702392
Carrefour Express,Capital Federal,Ciudad Autónoma de Buenos Aires,Montiel 1718,-34.6570483,-58.5179988
Carrefour Express,Capital Federal,Ciudad Autónoma de Buenos Aires,Av. Larrazábal 265,-34.6829105,-58.4620847
Carrefour Express,Capital Federal,Ciudad Autónoma de Buenos Aires,Conesa 999,-34.5730857,-58.4511311
Carrefour Express,Capital Federal,Ciudad Autónoma de Buenos Aires,Juan Seguí 4524,-34.5741017,-58.4203799
Carrefour Express,Capital Federal,Ciudad Autónoma de Buenos Aires,Aráoz 1140,-34.5944811,-58.4287844
Carrefour Express,Capital Federal,Ciudad Autónoma de Buenos Aires,Av. Belgrano 3043,-34.6150327,-58.4089726
Carrefour Express,Capital Federal,Ciudad Autónoma de Buenos Aires,Nogoyá 3644,-34.6064545,-58.4977992
Carrefour Express,Capital Federal,Ciudad Autónoma de Buenos Aires,Av. Gaona 2964,-34.6171632,-58.4673809
Carrefour Express,Capital Federal,Ciudad Autónoma de Buenos Aires,Av. Directorio 4989,-34.6505978,-58.4909253
Carrefour Express,Buenos Aires,San Martín,Yapeyú 2059,-34.575415,-58.5358556
Carrefour Maxi,La Pampa,Santa Rosa,Av. Agustín Spinetto 551,-36.6106962,-64.2826137
Carrefour Express,Capital Federal,Ciudad Autónoma de Buenos Aires,Hidalgo 92,-34.6178481,-58.4382899
Carrefour Express,Capital Federal,Ciudad Autónoma de Buenos Aires,Sucre 2774,-34.5659621,-58.4583871
Carrefour Express,Capital Federal,Ciudad Autónoma de Buenos Aires,Coronel Martiniano Chilavert 6901,-34.689486,-58.479694
Carrefour Express,Capital Federal,Ciudad Autónoma de Buenos Aires,Carrasco 421,-34.6321747,-58.491325
Carrefour Express,Capital Federal,Ciudad Autónoma de Buenos Aires,Virrey del Pino 2527,-34.5671017,-58.454232
Carrefour Express,Capital Federal,Ciudad Autónoma de Buenos Aires,Chile 701,-34.616173,-58.3760743
Carrefour Express,Capital Federal,Ciudad Autónoma de Buenos Aires,Álvarez Jonte 3079,-34.6094341,-58.4861281
Carrefour Express,Capital Federal,Ciudad Autónoma de Buenos Aires,Arregui 6369,-34.6282365,-58.5237762
Carrefour Express,Capital Federal,Ciudad Autónoma de Buenos Aires,Av. Raúl Scalabrini Ortiz 1396,-34.5922098,-58.4271496
Carrefour Maxi,Neuquén,Plaza Huincul,Ruta 22 y Ruta 17,-38.9304191,-69.200246
Carrefour Maxi,Neuquén,Neuquén,RN22 y Ruta 17,-38.9519679,-68.0591741
Carrefour Express,Capital Federal,Ciudad Autónoma de Buenos Aires,Carhué 1427,-34.6540018,-58.5189328
Carrefour Express,Capital Federal,Ciudad Autónoma de Buenos Aires,Viamonte 702,-34.5999966,-58.3768762
Carrefour Express,Capital Federal,Ciudad Autónoma de Buenos Aires,Av. Crámer 2463,-34.5613127,-58.4640967
Carrefour Express,Capital Federal,Ciudad Autónoma de Buenos Aires,México 1530,-34.6156392,-58.3879059
Carrefour Express,Capital Federal,Ciudad Autónoma de Buenos Aires,Pareja 4890,-34.6055693,-58.5237749
Carrefour Express,Capital Federal,Ciudad Autónoma de Buenos Aires,Juan Agustín García 3202,-34.6125403,-58.4861104
Carrefour Express,Capital Federal,Ciudad Autónoma de Buenos Aires,Álvarez Jonte 1938,-34.6033992,-58.4708819
Carrefour Express,Capital Federal,Ciudad Autónoma de Buenos Aires,Av. Lope de Vega 19,-34.6238522,-58.512209
Carrefour Express,Capital Federal,Ciudad Autónoma de Buenos Aires,Av. Independencia 2716,-34.6189998,-58.4038462
Carrefour Express,Capital Federal,Ciudad Autónoma de Buenos Aires,Avenida Independencia 2716,-34.6189998,-58.4038462
Carrefour Express,Capital Federal,Ciudad Autónoma de Buenos Aires,Av. La Plata 716,-34.6238791,-58.4273051
Carrefour Express,Capital Federal,Ciudad Autónoma de Buenos Aires,Neuquén 520,-34.6160053,-58.43796
Carrefour Express,Capital Federal,Ciudad Autónoma de Buenos Aires,Pedro Goyena 1680,-34.6285719,-58.4520529
Carrefour Express,Capital Federal,Ciudad Autónoma de Buenos Aires,Tucumán 1541,-34.6017077,-58.3886657
Carrefour Express,Capital Federal,Ciudad Autónoma de Buenos Aires,Almirante Brown 261,-34.6288042,-58.3661714
Carrefour Express,Capital Federal,Ciudad Autónoma de Buenos Aires,Caboto 420,-34.6277378,-58.3602478
Carrefour Express,Capital Federal,Ciudad Autónoma de Buenos Aires,Beláustegui 2748,-34.6155158,-58.4754258
Carrefour Express,Capital Federal,Ciudad Autónoma de Buenos Aires,Av. Dorrego 2145,-34.5780804,-58.4392384
Carrefour Hipermercado,Buenos Aires,Quilmes,Av. La Plata 1400,-34.7344038,-58.2789871
Carrefour Maxi,San Luis,San Luis,Ruta 3 km 1,-33.3020736,-66.3369577
Carrefour Maxi,Catamarca,Catamarca,Av. San Martín 450,-28.4642588,-65.7588566
Carrefour Maxi,Buenos Aires,Isidro Casanova,Int. Federico Pedro Russo 5001-5297,-34.7036939,-58.586236
Carrefour Maxi,Buenos Aires,Buenos Aires,Av. Monte Verde 7008,-34.5121516,-58.5248182
Carrefour Maxi,Buenos Aires,Buenos Aires,Av. Libertador 7001,-34.5478812,-58.4556685
Carrefour Maxi,Buenos Aires,Buenos Aires,Av. Mitre 5530,-34.6095237,-58.5773006
Carrefour Maxi,Buenos Aires,Buenos Aires,Av. Pres. Hipólito Yrigoyen 3866-3998,-34.5121516,-58.5248182
Carrefour Maxi,Buenos Aires,Buenos Aires,Av. Gral. Martín Rodríguez 1502,-34.5121516,-58.5248182
Carrefour Maxi,Córdoba,Córdoba,Av. Juan B. Justo 4775,-31.3682914,-64.1762243
Carrefour Maxi,Buenos Aires,Loma Hermosa,Av. Eva Duarte de Perón 8965,-34.5627781,-58.6039158
Carrefour Maxi,Buenos Aires,Cañuelas,Ruta 205 km 65,-35.0333865,-58.7532322
Carrefour Express,Capital Federal,Ciudad Autónoma de Buenos Aires,Nahuel Huapi 5038,-34.5710624,-58.4883244
Carrefour Express,Capital Federal,Ciudad Autónoma de Buenos Aires,Av. Álvarez Thomas 372,-34.5814206,-58.4490008
Carrefour Maxi,Buenos Aires,Temperley,Av. Eva Perón 2679,-34.7728098,-58.3836151
Carrefour Maxi,Buenos Aires,Temperley,Av. Eva Perón 2678,-34.7775453,-58.3922962
Carrefour Express,Capital Federal,Ciudad Autónoma de Buenos Aires,Mariscal Sucre 4230,-34.5743445,-58.4727613
Carrefour Express,Capital Federal,Ciudad Autónoma de Buenos Aires,Av. Córdoba 4967,-34.5916031,-58.4338959
Carrefour Express,Capital Federal,Ciudad Autónoma de Buenos Aires,Castañeda 1836,-34.5539104,-58.4367438
Carrefour Express,Capital Federal,Ciudad Autónoma de Buenos Aires,Junín 1460,-34.5912303,-58.3954424
Carrefour Express,Capital Federal,Ciudad Autónoma de Buenos Aires,Yerbal 2701,-34.6286753,-58.4675965
Carrefour Maxi,Buenos Aires,Chivilcoy,Ruta 5 y Acceso Raúl Alfonsín,-34.8969591,-60.0190499
Carrefour Express,Córdoba,Córdoba,Independencia 585,-31.4229986,-64.1869282
Carrefour Express,Capital Federal,Ciudad Autónoma de Buenos Aires,Tres de Febrero 1857,-34.5718753,-58.4251993
Carrefour Express,Capital Federal,Ciudad Autónoma de Buenos Aires,Av. Leandro N. Alem 198,-34.605642,-58.3704115
Carrefour Express,Capital Federal,Ciudad Autónoma de Buenos Aires,Ayacucho 539,-34.6028104,-58.3954007
Carrefour Express,Capital Federal,Ciudad Autónoma de Buenos Aires,Av. Directorio 2320,-34.6331948,-58.4593852
Carrefour Express,Capital Federal,Ciudad Autónoma de Buenos Aires,Av. Lisandro de Latorre 199,-34.6095579,-58.3887904
Carrefour Express,Capital Federal,Ciudad Autónoma de Buenos Aires,Montiel 168,-34.6411204,-58.5262069
Carrefour Express,Capital Federal,Ciudad Autónoma de Buenos Aires,Av. Belgrano 2160,-34.6143078,-58.3969303
Carrefour Maxi,Buenos Aires,Madariaga,Ruta 11 y 74,-37.1039419,-56.8885421
Carrefour Express,Capital Federal,Ciudad Autónoma de Buenos Aires,Sarmiento 4551,-34.6039976,-58.4296079
Carrefour Express,Capital Federal,Ciudad Autónoma de Buenos Aires,Ambrosetti 758,-34.6095152,-58.43873
Carrefour Express,Capital Federal,Ciudad Autónoma de Buenos Aires,Av. Lisandro de Latorre 790,-34.6095579,-58.3887904
Carrefour Express,Capital Federal,Ciudad Autónoma de Buenos Aires,Urquiza 1015,-34.5772742,-58.4869967
Carrefour Express,Córdoba,Córdoba,Chile 154,-31.4305054,-64.1877816
Carrefour Express,Capital Federal,Ciudad Autónoma de Buenos Aires,Franklin D. Roosevelt 3002,-34.55743,-58.4606602
Carrefour Express,Capital Federal,Ciudad Autónoma de Buenos Aires,Av. Varela 888,-34.6392947,-58.4586358
Carrefour Express,Capital Federal,Ciudad Autónoma de Buenos Aires,Av. Triunvirato 4210,-34.5783211,-58.4804515
Carrefour Express,Capital Federal,Ciudad Autónoma de Buenos Aires,Av. Juan Bautista Alberdi 5494,-34.6490771,-58.4995653
Carrefour Express,Capital Federal,Ciudad Autónoma de Buenos Aires,Av. Independencia 907,-34.6174557,-58.3789522
Carrefour Express,Capital Federal,Ciudad Autónoma de Buenos Aires,Serrano 1458,-34.5895935,-58.4317263
Carrefour Express,Capital Federal,Ciudad Autónoma de Buenos Aires,Cabrera 4106,-34.5961334,-58.424351
Carrefour Express,Capital Federal,Ciudad Autónoma de Buenos Aires,Malabia 494,-34.5982348,-58.4387318
Carrefour Express,Capital Federal,Ciudad Autónoma de Buenos Aires,Esmeralda 1040,-34.6057693,-58.3779589
Carrefour Express,Capital Federal,Ciudad Autónoma de Buenos Aires,Balcarce 379,-34.6119985,-58.370616
Carrefour Express,Capital Federal,Ciudad Autónoma de Buenos Aires,Avenida General Las Heras 3315,-34.5829489,-58.4073292
Carrefour Express,Buenos Aires,San Miguel,Concejal Tribulato 1279,-34.5418108,-58.7139724
Carrefour Express,Capital Federal,Ciudad Autónoma de Buenos Aires,Avenida Santa Fe 2429,-34.5945561,-58.4014382
Carrefour Express,Capital Federal,Ciudad Autónoma de Buenos Aires,Avenida Corrientes 3401,-34.6040324,-58.4133075
Carrefour Express,Capital Federal,Ciudad Autónoma de Buenos Aires,Juan Ramírez Velasco 745,-34.5961414,-58.438658
Carrefour Express,Capital Federal,Ciudad Autónoma de Buenos Aires,Av. Corrientes 921,-34.6034697,-58.3798274
Carrefour Express,Córdoba,Córdoba,Sarachaga 780,-31.3909338,-64.1849146
Carrefour Express,Córdoba,Córdoba,San Lorenzo 484,-31.4252218,-64.1807345
Carrefour Express,Córdoba,Córdoba,Buenos Aires 65,-31.7273787,-64.4382591
Carrefour Express,Córdoba,Córdoba,27 de Abril 458,-30.7018193,-64.0656564
Carrefour Express,Córdoba,Córdoba,24 de Septiembre 1594,-33.183917,-64.9966425
Carrefour Express,Córdoba,Córdoba,Independencia 855,-31.4261487,-64.1882224
Carrefour Express,Córdoba,Córdoba,San Martín 625,-31.4087206,-64.1810797
Carrefour Express,Córdoba,Córdoba,Ituzaingó 514,-31.4230034,-64.1840884
Carrefour Express,Córdoba,Córdoba,Santa Fe 723,-33.1077891,-64.3348906
Carrefour Express,Córdoba,Córdoba,Juan A. Lavalleja 49,-31.4132589,-64.1920305
Carrefour Express,Capital Federal,Ciudad Autónoma de Buenos Aires,Pres. Manuel Quintana 570,-34.6095579,-58.3887904
Carrefour Express,Capital Federal,Ciudad Autónoma de Buenos Aires,Av. Sáenz 1050,-34.6527334,-58.4161259
Carrefour Express,Capital Federal,Ciudad Autónoma de Buenos Aires,Ángel Gallardo 499,-34.6050486,-58.4376524
Carrefour Express,Córdoba,Córdoba,Illia 490,-31.4226979,-64.1796041
Carrefour Express,Capital Federal,Ciudad Autónoma de Buenos Aires,Bucarelli 1980,-34.579841,-58.4846866
Carrefour Express,Capital Federal,Ciudad Autónoma de Buenos Aires,Bulnes 758/800,-34.6095579,-58.3887904
Carrefour Express,Capital Federal,Villa Crespo,Avenida Carabobo 269,-34.5932867,-58.4480481
Carrefour Express,Capital Federal,Ciudad Autónoma de Buenos Aires,Av. Corrientes 5573,-34.5965632,-58.4421725
Carrefour Express,Capital Federal,Ciudad Autónoma de Buenos Aires,Gabriela Mistral 3153,-34.5890819,-58.5048229
Carrefour Express,Capital Federal,Ciudad Autónoma de Buenos Aires,Zapiola 2215,-34.5647604,-58.4642654
Carrefour Express,Capital Federal,Ciudad Autónoma de Buenos Aires,Av. Cabildo 1287,-34.5678367,-58.4486376
Carrefour Express,Córdoba,Córdoba,José María Bedoya 695,-31.4166867,-64.1834193
Carrefour Express,Córdoba,Córdoba,Blvd. San Juan 217,-31.4201793,-64.1895353
Carrefour Express,Córdoba,Córdoba,Lima 987,-31.4136485,-64.1702415
Carrefour Express,Buenos Aires,Buenos Aires,Alvear 2446,-34.4451017,-58.5712394
Carrefour Express,Capital Federal,Ciudad Autónoma de Buenos Aires,Mansilla 3620,-34.591043,-58.4147897
Carrefour Express,Córdoba,Córdoba,Duarte Quirós 1851,-31.4115915,-64.2096973
Carrefour Express,Córdoba,Córdoba,Ituzaingó 921,-31.4277664,-64.185965
Carrefour Express,Capital Federal,Ciudad Autónoma de Buenos Aires,Av. Beiró 3345,-34.5985606,-58.5002068
Carrefour Express,Capital Federal,Ciudad Autónoma de Buenos Aires,Av. Independencia 3802,-34.621337,-58.4195463
Carrefour Express,Córdoba,Córdoba,Boulevard San Juan 835,-31.4180024,-64.1971485
Carrefour Express,Córdoba,Córdoba,Mariano Fragueiro 2220,-31.389622,-64.1837779
Carrefour Express,Capital Federal,Ciudad Autónoma de Buenos Aires,Guatemala 4540,-34.5875903,-58.4230407
Carrefour Express,Capital Federal,Ciudad Autónoma de Buenos Aires,Av. Chiclana 3002,-34.6306324,-58.4065591
Carrefour Express,Capital Federal,Ciudad Autónoma de Buenos Aires,Nogoya 2744,-34.6006294,-58.4877734
Carrefour Express,Capital Federal,Ciudad Autónoma de Buenos Aires,Roosevelt 2268,-34.5567116,-58.4594032
Carrefour Express,Capital Federal,Ciudad Autónoma de Buenos Aires,Soler 5748,-34.5797407,-58.4341472
Carrefour Hipermercado,Buenos Aires,La Plata,Camino Gral. Belgrano,-34.8816745,-58.0513546
Carrefour Express,Buenos Aires,Villa Ballester,Artigas 4925,-34.5509077,-58.5559691
Carrefour Express,Mendoza,Mendoza,Avenida Vicente Zapata 42,-32.8894155,-68.8446177
Carrefour Express,Capital Federal,Almagro,Medrano 414,-34.6057867,-58.4213941
Carrefour Express,Córdoba,Córdoba,Avenida Capdevila 264,-31.3804878,-64.1711174
Carrefour Express,Córdoba,Córdoba,San Jerónimo 3034,-31.4237473,-64.1451332
Carrefour Express,Córdoba,Córdoba,Castro Barros 359,-31.4224526,-62.0761978
Carrefour Express,Córdoba,Córdoba,Santa Fe 49,-32.5499959,-62.9851053
Carrefour Express,Mendoza,Mendoza,Av. España 1244,-32.8894155,-68.8446177
Carrefour Express,Capital Federal,Villa Crespo,Avenida Juan B. Justo 3695,-34.6026108,-58.4559816
Carrefour Express,Mendoza,Mendoza,San Lorenzo 690,-32.8923502,-68.8489208
Carrefour Express,Mendoza,Mendoza,Pueyrredón 283/291,-32.8993544,-68.8521353
Carrefour Express,Capital Federal,Ciudad de Buenos Aires,Núñez 3802,-34.5571056,-58.4797941
Carrefour Express,Capital Federal,Caballito,Avenida Tte. Gral. Donato Álvarez 194,-34.6205897,-58.4413922
Carrefour Express,Mendoza,Mendoza,Paso de los Andes 2212,-32.9032826,-68.8605285
Carrefour Express,Mendoza,Mendoza,Juan Agustín Maza 2777,-32.8788145,-68.8414621
Carrefour Express,Mendoza,Mendoza,Montevideo 244,-32.8923221,-68.8431189
Carrefour Express,Córdoba,Córdoba,Santiago Temple 212,-31.4313699,-64.1938588
Carrefour Express,Capital Federal,Villa Urquiza,Avenida Monroe 5771,-34.5792229,-58.4949379
Carrefour Express,Mendoza,Maipú,Ozamis 31,-32.9856045,-68.7907667
Carrefour Express,Córdoba,Córdoba,Avenida Colón 636,-31.410955,-64.1918683
Carrefour Express,Buenos Aires,Moreno,Av. Bartolomé Mitre 3125/3145,-34.6396556,-58.7898326
Carrefour Express,Capital Federal,Ciudad de Buenos Aires,Bartolomé Mitre 4202,-34.6103855,-58.4261278
Carrefour Express,Capital Federal,Almagro,Bulnes 250,-34.6078995,-58.418815
Carrefour Express,Mendoza,Mendoza,Perito Moreno 341,-32.9288585,-68.8448403
Carrefour Express,Capital Federal,Caballito,Río de Janeiro 838,-34.6056197,-58.431146
Carrefour Express,Capital Federal,Villa Crespo,Thames 647,-34.5943739,-58.4412885
Carrefour Express,Córdoba,Córdoba,López y Planes 265,-32.40362,-63.237824
Carrefour Express,Córdoba,Córdoba,Prudencio Bustos 122,-31.6568287,-64.4286882
Carrefour Express,Capital Federal,Ciudad de Buenos Aires,Godoy Cruz 2681,-34.5791078,-58.4254802
Carrefour Express,Mendoza,Mendoza,Sarmiento 119,-32.8902231,-68.8410322
Carrefour Express,Capital Federal,Ciudad de Buenos Aires,Fray Cayetano Rodríguez 635/39,-34.6252926,-58.4641862
Carrefour Express,Capital Federal,Ciudad de Buenos Aires,Bulnes 250,-34.6078995,-58.418815
Carrefour Express,Córdoba,La Falda,9 de Julio 156,-31.0907878,-64.4848857
Carrefour Express,Capital Federal,Ciudad de Buenos Aires,Gallo 931,-34.5988975,-58.4119582
Carrefour Express,Córdoba,Córdoba,Avenida Belgrano 140,-31.6577295,-64.4323585
Carrefour Express,Capital Federal,Ciudad Autónoma de Buenos Aires,Godoy Cruz 2685,-34.5790159,-58.425457
Carrefour Express,Córdoba,Córdoba,Julio A. Roca 177,-31.4150032,-64.5050053
Carrefour Express,Córdoba,Córdoba,San Martín 4840,-33.0995068,-64.3472634
Carrefour Express,Córdoba,Córdoba,Santiago Derqui 33,-31.248478,-64.3072307
Carrefour Express,Córdoba,Córdoba,Claudio Cuenca 1784,-30.9798833,-64.4956155
Carrefour Express,Mendoza,Mendoza,Bandera de los Andes 9685,-32.8926683,-68.8296312
Carrefour Express,Capital Federal,Capital Federal,Avenida Cabildo 4300,-34.5447136,-58.4716652
Carrefour Hipermercado,Córdoba,Villa Urquiza,Av. Colón 4880,-31.3940322,-64.2429677
Hiper ChangoMás,Córdoba,Río Cuarto,Juan B. Justo 2052,-33.1304399,-64.3820206
Hiper ChangoMás,San Luis,San Luis,Av. del Fundador 1450,-33.2950327,-66.2856236
Hiper ChangoMás,Buenos Aires,San Fernando,Cno. Bancalari Boulogne s/n entre 202 y Uruguay,-34.4471919,-58.5701505
Hiper ChangoMás,Mendoza,Las Heras,Boulogne Sur Mer y Regalado Olguin,-32.8503256,-68.8406272
Hiper ChangoMás,San Juan,San Juan,José Ignacio de la Roza Oeste 806,-31.5370909,-68.5251802
ChangoMás,La Rioja,La Rioja,Av. Ortiz de Ocampo 1127,-29.4253683,-66.8607361
Hiper ChangoMás,Corrientes,Corrientes,Gregorio Pomar 840,-27.4818684,-58.7955872
Hiper ChangoMás,Córdoba,Córdoba,Mauricio Yadarola 1699,-31.3930856,-64.159605
ChangoMás,Salta,Salta,Av. Paraguay 1450,-24.8299826,-65.4314556
ChangoMás,Santiago del Estero,Santiago del Estero,Av. Belgrano Sur 2663,-27.8091394,-64.2488331
ChangoMás,Buenos Aires,El Talar,Colombia 1212,-34.4739041,-58.6627567
Hiper ChangoMás,Buenos Aires,Luján,Roberto Payro 198,-34.5568156,-59.105108
ChangoMás,Mendoza,Maipú,Calle J. A. Maza Nte. 470,-32.9846171,-68.7882043
Hiper ChangoMás,Buenos Aires,Sarandí,Autopista Bs. As. - La Plata km 9,-34.680758,-58.3463289
Hiper ChangoMás,Buenos Aires,La Tablada,Av. Monseñor Bufano 6050,-34.6993706,-58.5421153
Hiper ChangoMás,Tucumán,San Miguel de Tucumán,Av. Camino del Perú 950,-26.7964476,-65.2584677
ChangoMás,Neuquén,Neuquén,Gral. Manuel Belgrano 2735,-38.9519679,-68.0591741
ChangoMás,Río Negro,Bariloche,Av. J. Hermann e/ Pasaje Gutierrez y Calfu-Co,-41.1334781,-71.3101474
ChangoMás,La Pampa,Santa Rosa,Av. Circunvalación Santiago Marzo 1550,-36.6005184,-64.284281
ChangoMás,Formosa,Formosa,Av. Gunitsky 3636,-26.1852983,-58.1744976
ChangoMás,Catamarca,San Fernando del Valle de Catamarca,Av. Acosta Villafañez 2420,-28.4688806,-65.7790642
SuperChangoMás,Capital Federal,Mataderos,Av. Eva Perón 5526,-34.6617367,-58.4838789
ChangoMás,Buenos Aires,Burzaco,Av. Espora 2074,-34.816548,-58.3898516
ChangoMás,Buenos Aires,Moreno,Av. General Julio Argentino Roca 3500,-34.6396556,-58.7898326
SuperChangoMás,Buenos Aires,José C. Paz,Av. Gaspar Campos 5690,-34.5326726,-58.7473532
ChangoMás,Jujuy,Jujuy,Riobamba e/ Ruta 9 (Colectora) y Av. Perón,-24.2215739,-64.835172
ChangoMás,Buenos Aires,Malvinas Argentinas,Yatasto 198,-34.4948388,-58.7139422
ChangoMás,Tucumán,Río Salí,Guatemala y San Martín,-26.894261,-65.2106157
ChangoMás,Buenos Aires,3 de Febrero,Av. Juan Domingo Perón 9150,-34.5718753,-58.4251993
SuperChangoMás,Buenos Aires,Moreno,Martinez Melo 151,-34.6512147,-58.7927734
ChangoMás,Río Negro,Cipolletti,Bolivia 1169,-38.9319253,-67.9838063
ChangoMás,Entre Ríos,Paraná,Av. Blas Parera 1152,-31.7418376,-60.4934316
ChangoMás,Chubut,Trelew,Eva Perón Ruta Nacional N° 3 19,-43.2531242,-65.3094407
Hiper ChangoMás,Buenos Aires,Laferrere,Ruta 21 y Carlos Casares,-34.7506177,-58.584369
SuperChangoMás,Buenos Aires,Hurlingham,Av. Villegas 2750,-34.5838197,-58.6600413
SuperChangoMás,Buenos Aires,Hurlingham,Av. Vergara 2950,-34.5865798,-58.6384302
SuperChangoMás,Buenos Aires,Pergamino,Boulevard Dardo Rocha Nº 280,-33.897495,-60.575046
ChangoMás,Buenos Aires,Monte Chingolo,Boulevard de los Italianos 321,-34.715618,-58.3485728
ChangoMás,Misiones,Posadas,Av. Tambor de Tacuarí 5158,-27.3670463,-55.9264715
ChangoMás,Salta,Orán,Av. Pueyrredón y Av. Palacios,-23.33267,-64.3165433
ChangoMás,Río Negro,Viedma,Tierra del Fuego 514,-40.8251666,-62.9836666
Hiper ChangoMás,Buenos Aires,Olavarría,Av. Rivadavia 4870,-36.9357604,-60.1524124
ChangoMás,San Luis,Villa Mercedes,Pres. Juan Domingo Perón 825,-33.6866361,-65.4954266
ChangoMás,Córdoba,Córdoba,Nicanor Carranza 980,-31.3799639,-64.2312938
Hiper ChangoMás,Chubut,Comodoro Rivadavia,Enrique Girolamo 3100,-45.8826518,-67.5220884
Hiper ChangoMás,Chaco,Resistencia,Ruta 11 y Av. Marconi,-27.6048829,-59.1932003
ChangoMás,Buenos Aires,González Catán,Av. Brig. Gral. Juan Manuel de Rosas 14460,-34.769249,-58.6480318
ChangoMás,Córdoba,Córdoba,Av. Fuerza Aérea Argentina 4372,-32.6783081,-62.0868778
ChangoMás,Buenos Aires,Junín,RN7 80,-34.6132232,-60.9549356
ChangoMás,Mendoza,San Martín,Av. Boulogne Sur Mer y Lavalle 700,-33.0803973,-68.4705288
Hiper ChangoMás,Mendoza,Mendoza,San Martín Sur 2575,-32.9258382,-68.8485297
ChangoMás,Corrientes,Goya,"Av. Sarmiento, José M. Soto 721",-29.1527343,-59.2798424
ChangoMás,Salta,Salta,Av. Fuerza Aérea S/N esquina Aguas Blancas,-24.7892946,-65.4103194
ChangoMás,La Pampa,General Pico,Av. 319 y Calle 308,-35.6591085,-63.7576103
ChangoMás,Salta,Tartagal,Paraguay y ruta Nac. Nº34,-22.5194493,-63.7986328
ChangoMás,Buenos Aires,Temperley,Cerrito S/N esquina R. Darío,-34.7758816,-58.3971199
ChangoMás,Santiago del Estero,Santiago del Estero,Colectora Circunvalación y Av. Contreras,-27.7877148,-64.2595062
ChangoMás,San Juan,San Juan,Av. Doctor Ortega y Las Vicentinas,-31.5370909,-68.5251802
ChangoMás,Tucumán,Tucumán,Av. Jujuy entre Democracia y P. Fernández,-26.8303703,-65.2038133
SuperChangoMás,Buenos Aires,San Vicente,Av. 25 de Mayo 37,-35.0237182,-58.4233538
ChangoMás,Corrientes,Corrientes,Av. Maipú 2803,-27.5004688,-58.8130005
ChangoMás,Formosa,Formosa,Av. Doctor Lauriano Maradona y Somacal,-26.1852983,-58.1744976
Hiper ChangoMás,Buenos Aires,Pilar,"Colectora Acceso Norte 51.500 KM 51,5",-34.4489286,-58.7454152
ChangoMás,Tucumán,Concepción,Av. Güemes y Av. Francia,-27.3459249,-65.5927221
ChangoMás,San Juan,San Juan,Av. Nazario Benavidez 1050,-31.5115455,-68.5460985
ChangoMás,Chubut,Comodoro Rivadavia,Ruta nacional 3 km. 4 Barrio 25 de Mayo,-45.9762911,-67.5879026
ChangoMás,Buenos Aires,Caseros,Justo José de Urquiza 4341,-34.606774,-58.5554645
ChangoMás,Córdoba,Córdoba,Tte. Gral. Donato Alvarez 8600,-31.4166867,-64.1834193
ChangoMás,Chaco,Saenz Peña,Av. Juan Manuel de Rosas y Arturo Illia s/n,-26.7946786,-60.440797
ChangoMás,Misiones,Posadas,Av. Alicia Moreau de Justo y Av. Cabo de Hornos,-27.3664824,-55.894295
ChangoMás,La Pampa,Santa Rosa,Colectora de Av. Pte. Perón y Ultracán,-36.6203503,-64.2905765
ChangoMás,Tucumán,San Miguel de Tucumán,Ejército del Norte 2324,-26.7938313,-65.2246991
ChangoMás,Chubut,Puerto Madryn,Juan B. Justo 1885,-42.7848578,-65.0343042
ChangoMás,Buenos Aires,Don Orione,Lacaze 3963,-34.8101423,-58.2394594
ChangoMás,Jujuy,San Pedro de Jujuy,C. San Gabriel 712,-24.2242868,-64.8616554
ChangoMás,Formosa,Clorinda,Av. Tucumán 201,-25.2872408,-57.7241532
ChangoMás,Río Negro,General Roca,Chula Vista 1150,-39.0393316,-67.5720818
ChangoMás,Buenos Aires,Morón,Don Bosco 5635,-34.6889427,-58.6264594
ChangoMás,Buenos Aires,Cuartel V,Av. Derqui 5602,-34.5118329,-58.8201621
Hiper ChangoMás,Buenos Aires,Villa Pueyrredón,Av. de los Constituyentes 6020,-34.5720048,-58.5058576
Hiper ChangoMás,Buenos Aires,San Justo,Brig. Gral. Juan Manuel de Rosas 3990,-34.6774186,-58.5607837
Hiper ChangoMás,Buenos Aires,Avellaneda,Av. Güemes 861,-34.6790608,-58.3687792
Hiper ChangoMás,Entre Ríos,Paraná,Anacleto Medina 319,-31.7183681,-60.5421955
Hiper ChangoMás,Buenos Aires,La Plata,Camino Centenario 1876,-34.8481985,-58.0981001
Hiper ChangoMás,Buenos Aires,Bahía Blanca,Sarmiento 4114,-38.6851023,-62.2319446
Hiper ChangoMás,Santa Fe,Santa Fe,Ruta Nacional 168,-31.6397912,-60.6531414
Hiper ChangoMás,Córdoba,Córdoba,Av. Colón 6051,-31.3944162,-64.2600066
Hiper ChangoMás,Neuquén,Neuquén,Eugenio Perticone 1255,-38.9606671,-68.0410151
Hiper ChangoMás,Mendoza,Guaymallén,Moldes 1023,-32.9155371,-68.825446
Día,Buenos Aires,Luis Guillón,Boulevard Buenos Aires 1745,-34.8101197,-58.4484734
Día,Buenos Aires,Adolfo Gonzales Chaves,General Paz 184,-38.0330253,-60.0997209
Día,Capital Federal,Palermo,Av. Cabildo 360/368,-34.5724511,-58.4402446
Día,Capital Federal,Caballito,Av. Gaona 1286/90,-34.6077019,-58.445934
Día,Buenos Aires,Florencio Varela,San Martín 2048,-34.8017286,-58.2786382
Día,Capital Federal,Coghlan,Manuel Ugarte 3832,-34.5640092,-58.476205
Día,Buenos Aires,Quilmes,Av. Centenario 4005,-34.7350973,-58.251298
Día,Capital Federal,Balvanera,Jean Jaurés 318,-34.6064061,-58.4099436
Día,Capital Federal,Villa Urquiza,Andonaegui 2129,-34.5784752,-58.4870581
Día,Buenos Aires,Mar del Plata,Peralta Ramos 774,-38.0242503,-57.5773873
Día,Buenos Aires,Florencio Varela,España 3250,-34.8094972,-58.2761544
Día,Buenos Aires,Lomas del Mirador,Av. Rosas 275,-34.6636863,-58.5219578
Día,Buenos Aires,Isidro Casanova,Av. Cristiania 5147,-34.7178492,-58.5744754
Día,Capital Federal,Mataderos,Juan Bautista Alberdi 5287,-34.6474683,-58.498253
Día,Capital Federal,Constitución,Av. Pavón 1324,-34.6261306,-58.3847757
Día,Buenos Aires,Quilmes,Av. Mitre 1755,-34.7178207,-58.2565787
Día,Buenos Aires,Moreno,J. Álvarez e/ San Luis y Toledo 2669,-34.6396556,-58.7898326
Día,Buenos Aires,Olavarría,Av. Independencia 2369,-36.8954263,-60.3403577
Día,Capital Federal,Balvanera,Tte. Gral. Juan Domingo Perón 2560,-34.6092155,-58.4031396
Día,Buenos Aires,Quilmes,Hipólito Yrigoyen 451,-34.75253,-58.2323357
Día,Capital Federal,Recoleta,French 2979,-34.5873482,-58.4050904
Día,Buenos Aires,Adrogué,Av. San Martín 1926,-34.8019642,-58.3753246
Día,Capital Federal,Barracas,Av. General Iriarte 2295,-34.6491491,-58.3792032
Día,Capital Federal,Paternal,Av. San Martín 3517/33,-34.6016394,-58.4695823
Día,Entre Ríos,Paraná,Don Bosco 53,-31.7328459,-60.5152767
Día,Capital Federal,Retiro,Marcelo T. de Alvear 1300,-34.5970021,-58.3855507
Día,Capital Federal,Núñez,Av. Crisólogo Larralde 1809,-34.5435898,-58.4575585
Día,Buenos Aires,Salto,Alsina 1050,-34.2997796,-60.2426914
Día,Buenos Aires,Moreno,Av. Bartolomé Mitre 3244,-34.6475639,-58.7961525
Día,Capital Federal,Palermo,Amenábar 23,-34.577298,-58.4390063
Día,Capital Federal,Caballito,Av. Juan B. Alberdi 2859,-34.622899,-58.4406017
Día,Buenos Aires,Escobar,25 de Mayo (Ruta 25) 700,-34.3453213,-58.7950701
Día,Capital Federal,CABA,Garay 2655,-34.628652,-58.4018323
Día,Capital Federal,Congreso,Av. Callao 131,-34.5551422,-58.4618856
Día,Salta,Salta,Independencia 1325,-25.08557,-63.2336201
Día,Buenos Aires,Maquinista Savio,Ruta 26 esq. Corrientes,-34.4068549,-58.7720164
Día,Capital Federal,Boedo,Chiclana 3683,-34.6370805,-58.4158059
Día,Buenos Aires,La Reja,Pastorini 2009,-34.6363668,-58.8292977
Día,Entre Ríos,San Salvador,Hipólito Yrigoyen 369,-31.6237198,-58.5110405
Día,Buenos Aires,Villa Tesei,Nicolás Repetto 509,-34.629911,-58.6542224
Día,Capital Federal,Villa Urquiza,Roosevelt 5738,-34.5777009,-58.4943098
Día,Capital Federal,Constitución,Humberto Primo 1696,-34.6215149,-58.3898255
Día,Capital Federal,Villa Ortúzar,Av. Triunvirato 3217,-34.5835651,-58.4676472
Día,Entre Ríos,Paraná,Almafuerte 1160,-31.7514455,-60.5028478
Día,Buenos Aires,Castelar,Zeballos 3028,-34.6569535,-58.6488986
Día,Capital Federal,Villa Lugano,Somellera 5663,-34.67592,-58.4761585
Día,Capital Federal,Balvanera,Av. Entre Ríos 735,-34.6173171,-58.3918272
Día,Buenos Aires,González Catán,Cl. José María Moreno 400,-34.769249,-58.6480318
Día,Buenos Aires,Moreno,Av. Bartolomé Mitre 2375,-34.6505663,-58.784036
Día,Buenos Aires,Villa Ballester,9 de Julio 5300,-34.5578348,-58.5437848
Día,Buenos Aires,San Francisco Solano,Av. 24 581,-34.7877706,-58.3141536
Día,Buenos Aires,Campana,Belgrano 390,-34.164023,-58.9579555
Día,Capital Federal,Villa Urquiza,Álvarez Thomas 2423,-34.5769248,-58.4757427
Día,Buenos Aires,Ciudadela,Marcelo T. de Alvear 3200,-34.6399288,-58.5410771
Día,Capital Federal,Parque Chas,Triunvirato 3981,-34.5794472,-58.4770396
Día,Buenos Aires,José C. Paz,Av. Croacia 1196,-34.529789,-58.7798265
Día,Capital Federal,Flores,Lacarra 252,-34.6575197,-58.4581749
Día,Capital Federal,CABA,Av. Carrasco 487,-34.6316967,-58.4919232
Día,Capital Federal,Colegiales,Amenábar 1145,-34.5701244,-58.4501545
Día,Capital Federal,Nueva Pompeya,Intendente F. Rabanal 1482,-34.6526296,-58.4147098
Día,Capital Federal,Villa Lugano,Murguiondo 3236,-34.6683175,-58.4869125
Día,Buenos Aires,Paso del Rey,S. M. del Carril y Ruta 7 169,-34.6582188,-58.7620664
Día,Capital Federal,Chacarita,Av. Córdoba 5799,-34.5860896,-58.4422018
Día,Buenos Aires,Tandil,Av. Colón 1143,-37.3186988,-59.1337763
Día,Capital Federal,Colegiales,Federico Lacroze 2589,-34.5721943,-58.4463821
Día,Corrientes,Santa Lucía,Av. San Martín 690,-28.9974814,-59.109871
Día,Buenos Aires,Avellaneda,25 de Mayo 119,-34.6612908,-58.363962
Día,Capital Federal,Liniers,Cl. José León Suárez 30,-34.6388693,-58.526338
Día,Buenos Aires,Monte Grande,Cl. Nuestras Malvinas y D. Funes 1024,-34.8192731,-58.4664257
Día,Entre Ríos,Oro Verde,Av. Castillo 133,-31.8214255,-60.5157655
Día,Buenos Aires,Villa Gesell,Calle 3 118,-37.2420058,-56.963963
Día,Buenos Aires,Rafael Castillo,Federico Pedro Russo 4948,-34.7400075,-58.6325257
Día,Buenos Aires,Ranchos,Cl. L. Giles e H. Yrigoyen 2900,-35.5160129,-58.3188042
Día,Buenos Aires,Rauch,Coronel Suárez 150,-36.7773414,-59.088418
Día,Capital Federal,Villa Crespo,Malabia 467,-34.5985434,-58.4389222
Día,Capital Federal,Villa General Mitre,Av. Donato Álvarez 1887,-34.6050991,-58.4638037
Día,Capital Federal,Flores,Av. Gaona 3163,-34.6181197,-58.4699865
Día,Capital Federal,Agronomía,Nueva York 2717,-34.5901022,-58.4955514
Día,Capital Federal,Almagro,Av. Corrientes 4474,-34.6025834,-58.428146
Día,Capital Federal,Agronomía,Av. de los Incas 4701,-34.5952803,-58.4859915
Día,Capital Federal,Liniers,Montiel 261,-34.6423496,-58.5263034
Día,Buenos Aires,Lomas de Zamora,Av. Eva Perón 2948,-34.7630308,-58.3647842
Día,Corrientes,Mercedes,San Martín 1240/1246,-29.0990489,-58.3394242
Día,Capital Federal,Nueva Pompeya,Esquiú 1001,-34.6517364,-58.4179987
Día,Capital Federal,Flores,Avenida Varela 1078,-34.6544677,-58.4396685
Día,Buenos Aires,Avellaneda,Galicia 759,-34.6708864,-58.3901574
Día,Capital Federal,Mataderos,Av. Directorio 5640,-34.6551315,-58.4959708
Día,Buenos Aires,Ayacucho,Alem 925,-37.1540099,-58.487349
Día,Capital Federal,San Cristóbal,24 Noviembre 965,-34.6222666,-58.4107537
Día,Capital Federal,Villa Ortúzar,Triunvirato 2864,-34.5852152,-58.4626162
Día,Capital Federal,Parque Patricios,Matheu 1756,-34.6300854,-58.3978511
Día,Santa Fe,Firmat,Córdoba 886,-33.459845,-61.4883149
Día,Buenos Aires,Ricardo Rojas,Marcos Sastre 2763,-34.4729403,-58.6698282
Día,Capital Federal,Caballito,Av. Díaz Vélez 5540,-34.6080334,-58.4442749
Día,Buenos Aires,Munro,Dalmacio Vélez Sarsfield 4864,-34.5296066,-58.5220231
Día,Capital Federal,CABA,Yrigoyen 1170,-34.611557,-58.4102738
Día,Salta,Salta,Las Golondrinas 1511,-24.8484656,-65.4349725
Día,Capital Federal,Villa Real,Av. Lope de Vega 3472,-34.6120108,-58.5279977
Día,Buenos Aires,Capitán Sarmiento,Rivadavia 536,-34.1732318,-59.7958615
Día,Buenos Aires,Vicente López,Avenida Maipú 1940,-34.5343656,-58.4780319
Día,Capital Federal,Liniers,Av. Rivadavia 10536,-34.639455,-58.5119671
Día,Capital Federal,Barracas,Wenceslao Villafañe 1310,-34.6348501,-58.3712835
Día,Buenos Aires,General Belgrano,Av. España e/ J. de la Fuente y Paz 700,-35.765718,-58.4972221
Día,Buenos Aires,Benito Juárez,Av. Libertad esq. Moreno 150,-37.6757389,-59.8075573
Día,Capital Federal,Caballito,Otamendi 443,-34.6116206,-58.4332905
Día,Buenos Aires,José C. Paz,Av. Pte. Hipólito Yrigoyen (Rp 24) 40,-34.511906,-58.7776777
Día,Capital Federal,Retiro,Paraguay 788,-34.597696,-58.3781207
Día,Capital Federal,Mataderos,Av. Alberdi 7374,-34.6613662,-58.516132
Día,Capital Federal,Retiro,Libertad 1630,-34.5891554,-58.3833767
Día,Buenos Aires,Balcarce,Boulevard Del Valle 512,-37.846399,-58.2554648
Día,Buenos Aires,Lanús,Pte. J. D. Perón 3241,-34.7073871,-58.3905998
Día,Buenos Aires,Azul,Av. San Martín 676,-34.7011931,-58.3030976
Día,Entre Ríos,Concordia,Eva Perón 1480,-31.365838,-58.0106401
Día,Buenos Aires,Coronel Vidal,Avellaneda 110,-37.4489447,-57.7255027
Día,Capital Federal,Villa Crespo,Darwin 548,-34.594444,-58.4457658
Día,Buenos Aires,San Vicente,Av. Sarmiento esq. Amoretti,-33.8967542,-60.5861157
Día,Capital Federal,CABA,Av. Belgrano 3288,-34.6155244,-58.4124892
Día,Buenos Aires,José León Suárez,Sarratea y Serrano,-34.534488,-58.5762177
Día,Corrientes,San Roque,Juan B. Cossio 1042,-28.5709194,-58.7119707
Día,Capital Federal,Flores,Juan Bautista Alberdi 3643,-34.6318698,-58.4637875
Día,Capital Federal,Monserrat,Av. de Mayo 1431,-34.6093033,-58.3879786
Día,Capital Federal,Monte Castro,Lope de Vega 1525,-34.6256542,-58.5097133
Día,Buenos Aires,Lomas de Zamora,Cl. Claudio de Alas 2150,-34.7141153,-58.4678474
Día,Santa Fe,Venado Tuerto,Av. Estrugamou 1657,-33.7391043,-61.973595
Día,Santa Fe,Arroyo Seco,Hipólito Yrigoyen 229,-33.1560528,-60.5126862
Día,Entre Ríos,Paraná,Churruarín 601,-31.7439259,-60.5091928
Día,Entre Ríos,Paraná,Gral. José M. Galán 1471,-31.7330145,-60.5298511
Día,Capital Federal,Villa Pueyrredón,Artigas 4746,-34.5830975,-58.4981278
Día,Buenos Aires,Florida,San Martín 2269,-34.5286094,-58.4931189
Día,Capital Federal,CABA,Avenida Cobo 676,-34.6407111,-58.425728
Día,Capital Federal,Villa Riachuelo,Cañada de Gómez 4830,-34.6855486,-58.4745231
Día,Buenos Aires,Ensenada,Cl. Bossinga 783,-34.8568883,-57.9170957
Día,Corrientes,Paso de los Libres,Colón 960,-29.7127248,-57.0887403
Día,Buenos Aires,Rafael Calzada,Av. San Martín 3429,-34.7916208,-58.3576127
Día,Capital Federal,Almagro,La Plata 564,-34.6215141,-58.427761
Día,Capital Federal,Flores,Av. Varela 1189,-34.6537166,-58.4406456
Día,Capital Federal,CABA,Urquiza 636,-34.6179937,-58.4092364
Día,Capital Federal,Caballito,Av. Acoyte 232,-34.6154625,-58.4377841
Día,Buenos Aires,Lanús,Cl. Coronel Beltrán 239,-34.7255712,-58.3981319
Día,Buenos Aires,Rincón de Milberg,Santa María 2539,-34.3941934,-58.6313692
Día,Capital Federal,Almagro,Av. Rivadavia 3566,-34.6110102,-58.4167096
Día,Buenos Aires,William Morris,Villegas esquina Cañuelas,-34.6841258,-58.6575787
Día,Capital Federal,Villa Pueyrredón,Gral. J. G. Artigas 5467,-34.5794479,-58.5040849
Día,Capital Federal,Palermo,Av. Scalabrini Ortiz 3170,-34.5925628,-58.4274614
Día,Capital Federal,CABA,Avenida Rivadavia 8130,-34.633117,-58.4780944
Día,Capital Federal,Parque Chas,Av. de los Incas 5260,-34.5873174,-58.4820958
Día,Capital Federal,San Telmo,Bolívar 1474,-34.6250203,-58.3725017
Día,Capital Federal,Parque Chacabuco,Av. Eva Perón 1790,-34.6355723,-58.448236
Día,Entre Ríos,San José de Feliciano,Rp2 149 (o Calle San Martín),-30.3854477,-58.7506643
Día,Buenos Aires,Magdalena,25 de Mayo 1069,-35.0764088,-57.5285963
Día,Capital Federal,Palermo,Soldado de la Independencia 1236,-34.5643256,-58.4400123
Día,Capital Federal,San Cristóbal,Av. Juan de Garay 2435,-34.6283287,-58.3991056
Día,Capital Federal,Villa Luro,Av. Lope de Vega 1155,-34.6284937,-58.5057591
Día,Corrientes,Bella Vista,Buenos Aires 669/77,-28.5099328,-59.0445196
Día,Salta,Salta,Av. San Martín 866,-24.7931219,-65.4149345
Día,Buenos Aires,Florencio Varela,Av. Bélgica 61,-34.8211002,-58.2814543
Día,Capital Federal,Villa Devoto,Av. Francisco Beiró 3146,-34.5971507,-58.4974833
Día,Capital Federal,Parque Patricios,Av. Caseros 2068,-34.6345547,-58.3913952
Día,Capital Federal,San Cristóbal,Av. Entre Ríos 1525,-34.6265904,-58.3913801
Día,Salta,Salta,Córdoba 795,-24.8000787,-65.4090952
Día,Buenos Aires,Vedia,Arenales 99,-34.4956683,-61.5412415
Día,Capital Federal,Flores,José Bonifacio 1773,-34.6297987,-58.453272
Día,Capital Federal,Monserrat,Lima 277,-34.6116519,-58.3819573
Día,Buenos Aires,Lomas de Zamora,Cl. Maipú 148,-34.743169,-58.3939313
Día,Capital Federal,Parque Chacabuco,Avenida Carabobo 1442,-34.640812,-58.4466542
Día,Buenos Aires,Moreno,Av. Libertador 1501,-34.6285712,-58.7796811
Día,Capital Federal,Belgrano,Cabildo 2754,-34.5566182,-58.4618004
Día,Capital Federal,Caballito,San Martín 1732,-34.6059661,-58.4532485
Día,Entre Ríos,Villaguay,San Martín 1524,-31.8558247,-59.0273485
Día,Buenos Aires,Florida,Av. San Martín 2873,-34.7604598,-58.3006702
Día,Buenos Aires,Mar del Plata,Pedro Luro esq. 180 1602,-37.9493958,-57.6418883
Día,Entre Ríos,Paraná,Benicio López 1735,-31.773872,-60.5003061
Día,Entre Ríos,Paraná,Fotógrafo Carlos Pra 12,-31.7679317,-60.5235937
Día,Capital Federal,Villa Soldati,Intendente Francisco Rabanal 2261,-34.6594087,-58.4286544
Día,Capital Federal,Balvanera,Ecuador 762,-34.6011205,-58.4069917
Día,Buenos Aires,Tablada,Cl. J. S. Crovara 2472,-34.6171727,-58.7988577
Día,Corrientes,Mercedes,San Martín 2300,-29.0990489,-58.3394242
Día,Capital Federal,Nueva Pompeya,Río Cuarto 3958,-34.6536771,-58.4043874
Día,Buenos Aires,Florida Oeste,Gral. de San Martín 3800,-34.5387664,-58.5144051
Día,Capital Federal,Saavedra,Av. Balbín 4320,-34.5552872,-58.492643
Día,Capital Federal,Almagro,Tte. Gral. Juan Domingo Perón 4029,-34.6099883,-58.4222331
Día,Córdoba,Hernando,Bv. Rivadavia 300,-32.4279251,-63.7343423
Día,Capital Federal,Recoleta,Riobamba 1014,-34.5965376,-58.394747
Día,Capital Federal,Flores,Artigas 26,-34.6288363,-58.4643732
Día,Capital Federal,Mataderos,Av. de los Corrales 6901,-34.665186,-58.5035391
Día,Capital Federal,Villa del Parque,Av. Francisco Beiró 3146,-34.5971507,-58.4974833
Día,Capital Federal,Paternal,Paysandú 1816,-34.6040442,-58.4587305
Día,Capital Federal,Villa del Parque,Melincué 3774,-34.6065791,-58.5000864
Día,Buenos Aires,San Miguel,Belgrano 1377,-34.5279103,-58.725002
Día,Capital Federal,Villa Urquiza,Roosevelt 5367,-34.5751351,-58.4902152
Día,Capital Federal,Balvanera,Av. Rivadavia 3050,-34.6104926,-58.4096184
Día,Capital Federal,Chacarita,Av. Forest 555,-34.5819663,-58.456867
Día,Buenos Aires,José C. Paz,Gaspar Campos 5076,-34.5353064,-58.7435552
Día,Capital Federal,Villa Crespo,Gurruchaga 431,-34.5978711,-58.4423145
Día,Buenos Aires,Cañuelas,Av. Libertad 1256,-35.0425244,-58.7684087
Día,Buenos Aires,Ezpeleta,Cl. San Martín 5355,-34.7430666,-58.2429185
Día,Capital Federal,Villa Ortúzar,Combatiente de Malvinas 3015,-34.581302,-58.4682453
Día,Capital Federal,Palermo,Migueletes 752,-34.5668198,-58.4336238
Día,Entre Ríos,Colonia Avellaneda,Tte. Miguel Giménez 2553,-31.7636914,-60.412117
Día,Capital Federal,Palermo,Av. Luis María Campos 1231,-34.5650257,-58.4405286
Día,Buenos Aires,Escobar,Tapia de Cruz 223,-34.3433837,-58.7902908
Día,Capital Federal,Villa Pueyrredón,Av. Albarellos 2666,-34.5761173,-58.5071879
Día,Capital Federal,Villa General Mitre,Gavilán 1794,-34.6101481,-58.470482
Día,Capital Federal,Agronomía,Av. Nazca 4044,-34.5960026,-58.4936093
Día,Buenos Aires,Glew,Cl. Patria y Vías F. Gral. Roca,-34.888445,-58.3845646
Día,Entre Ríos,Paraná,Blas Parera 714,-31.7475125,-60.4952397
Día,Buenos Aires,Carlos Spegazzini,Cl. 25 de Mayo 151,-34.934566,-58.5747206
Día,Buenos Aires,San Martín,Belgrano 3162,-38.5548743,-58.7440446
Día,Buenos Aires,9 de Abril,Cl. Oliver 958,-34.7801382,-58.4786724
Día,Capital Federal,Villa Real,Beiró 5678,-34.6170917,-58.5289329
Día,Capital Federal,San Nicolás,Av. Rivadavia 674,-34.6081333,-58.3759833
Día,Capital Federal,Núñez,Crisólogo Larralde 2287,-34.5481512,-58.466848
Día,Santa Fe,Santa Fe,Salta 2817,-32.9353168,-60.6600992
Día,Capital Federal,Villa Santa Rita,Nazca 2063,-34.6106889,-58.4818192
Día,Capital Federal,Villa Crespo,Scalabrini Ortiz 751,-34.5968455,-58.4338139
Día,Entre Ríos,Concepción del Uruguay,Combatiente de Malvinas 82,-32.4851849,-58.2320232
Día,Capital Federal,Villa del Parque,Nogoyá 3240,-34.6042059,-58.4937964
Día,Buenos Aires,Villa Tesei,Pedro Díaz esq. El Zorzal 1098,-34.6207685,-58.638432
Día,Capital Federal,Mataderos,Cl. Lisandro de la Torre 1151,-34.6553825,-58.5089195
Día,Capital Federal,Villa Lugano,Av. Piedrabuena 3941,-34.6766149,-58.4771849
Día,Salta,Cerrillos,General Güemes 370,-24.904973,-65.4870377
Día,Buenos Aires,Ezpeleta,Av. Centenario 5270,-34.7458429,-58.2418519
Día,Buenos Aires,Florencio Varela,Camino General Belgrano Rp 14 6260,-34.8044384,-58.2783224
Día,Buenos Aires,Morón,Independencia 173,-34.6467263,-58.6183913
Día,Capital Federal,Flores,Avenida Juan Bautista Alberdi 2057,-34.6297795,-58.4571761
Día,Capital Federal,Retiro,Tucumán 439,-34.6009858,-58.3767959
Día,Buenos Aires,Isidro Casanova,Cl. Cristiania 5843,-34.6958332,-58.6036835
Día,Capital Federal,San Nicolás,Av. Córdoba 1365,-34.5993486,-58.3875069
Día,Capital Federal,San Cristóbal,Av. San Juan 1932,-34.6229559,-58.3932163
Día,Entre Ríos,Villa San José,Sarmiento 1665,-32.207643,-58.2095766
Día,Salta,Salta,Miguel de Azcuénaga 2295,-24.8049616,-65.4317079
Día,Capital Federal,Parque Patricios,Av. Brasil 2450,-34.6309794,-58.3984218
Día,Capital Federal,Villa Pueyrredón,Av. de los Constituyentes 6047,-34.5717143,-58.5057946
Día,Buenos Aires,Villa Ballester,Moreno 1533,-34.541353,-58.5669167
Día,Capital Federal,San Cristóbal,Av. Chiclana 2901,-34.6287785,-58.4053266
Día,Capital Federal,Vélez Sarsfield,Segurola 1178,-34.6251153,-58.4936135
Día,Capital Federal,San Telmo,Defensa 748,-34.6165962,-58.3716103
Día,Capital Federal,Caballito,Hidalgo 860,-34.6089859,-58.4415252
Día,Buenos Aires,América,San Martín 156,-35.4878205,-62.975216
Día,Capital Federal,Villa Crespo,Av. Corrientes 4938,-34.6010961,-58.4354958
Día,Capital Federal,Núñez,Avenida Cabildo 3460,-34.5512751,-58.4665767
Día,Capital Federal,Caballito,Rojas 243,-34.6178041,-58.4425028
Día,Capital Federal,Villa del Parque,Av. Nazca 2542,-34.6064737,-58.4857156
Día,Entre Ríos,Paraná,Alem 224,-31.7357181,-60.5282994
Día,Buenos Aires,Aldo Bonzi,Cl. José Alico 969,-34.7076205,-58.5178531
Día,Buenos Aires,Chivilcoy,Av. Ceballos 172,-34.8940866,-60.0228257
Día,Buenos Aires,Manuel Alberti,Hipólito Yrigoyen 465,-34.4621897,-58.7768341
Día,Buenos Aires,José Mármol,Cl. Bynnon 1704,-34.7935327,-58.3815257
Día,Buenos Aires,Loma Hermosa,Av. Eva Perón 9735,-34.5627781,-58.6039158
Día,Buenos Aires,Merlo,Hipólito Yrigoyen 357,-36.8891868,-60.3146744
Día,Entre Ríos,María Grande,Av. Argentina 787,-31.6616639,-59.9095831
Día,Capital Federal,Colegiales,Av. Lacroze 3413,-34.5799807,-58.4507584
Día,Capital Federal,Recoleta,Charcas 3259,-34.5920312,-58.4117861
Día,Capital Federal,Mataderos,Av. Cnel. M. Larrazábal 919,-34.6578631,-58.5017617
Día,Capital Federal,Puerto Madero,Juana Manso 530,-34.6036896,-58.3633586
Día,Capital Federal,San Cristóbal,La Rioja 916,-34.6210709,-58.4074634
Día,Buenos Aires,Villa Ballester,Artigas y Campichuelo 6015,-34.5509077,-58.5559691
Día,Buenos Aires,Lobos,Cl. Pte. Perón 345,-35.1856322,-59.0978393
Día,Capital Federal,Monte Castro,Sanabria 2469,-34.6135062,-58.5041413
Día,Buenos Aires,Berazategui,Cl. Calle N°14 3880,-34.7875622,-58.2532074
Día,Capital Federal,Villa Pueyrredón,Nazca 5832,-34.5773585,-58.5103787
Día,Salta,Salta,Vicente López 901,-24.7788587,-65.4046317
Día,Capital Federal,Villa Riachuelo,Fernández de la Cruz 6154,-34.6852517,-58.4725847
Día,Buenos Aires,Lomas de Zamora,Av. Eva Perón 950,-34.7735218,-58.3851657
Día,Buenos Aires,General Villegas,Pueyrredón 351,-35.033075,-63.0121087
Día,Capital Federal,Monserrat,Perú 486,-34.6136078,-58.3745482
Día,Buenos Aires,General Pinto,Adolfo Alsina 540,-34.764855,-61.892773
Día,Salta,Salta,Mitre 246,-24.7870226,-65.4107302
Día,Capital Federal,Monserrat,Hipólito Yrigoyen 1512,-34.6101058,-58.3877633
Día,Capital Federal,Boedo,La Plata 1570,-34.6332498,-58.4251605
Día,Capital Federal,Palermo,El Salvador 5675,-34.5825763,-58.4360335
Día,Corrientes,Esquina,Mancini 415,-30.0192951,-59.5330369
Día,Entre Ríos,Chajarí,Alem 1960,-30.7611565,-57.9964453
Día,Buenos Aires,Florencio Varela,Cl. Luján esq. Olavarría 2002,-34.8044384,-58.2783224
Día,Capital Federal,CABA,Rivadavia 10872,-34.6392889,-58.5169704
Día,Capital Federal,Villa Pueyrredón,Av. de los Constituyentes 4666,-34.5812194,-58.4931959
Día,Capital Federal,Almagro,Boedo 250,-34.614866,-58.4170124
Día,Capital Federal,Colegiales,Cap. Gral. Ramón Freire 954,-34.5730241,-58.4481908
Día,Capital Federal,Nueva Pompeya,Corrales 1669,-34.6518862,-58.4267681
Día,Buenos Aires,Del Viso,Valentín Gómez y Madero,-34.4534551,-58.7965583
Día,Capital Federal,Belgrano,José Hernández 2469,-34.5659347,-58.4541968
Día,Buenos Aires,José León Suárez,Pacífico Rodríguez 7270,-34.534488,-58.5762177
Día,Jujuy,Palpalá,Av. República de la India esq. Martijena,-24.2554935,-65.2093985
Día,Capital Federal,Flores,Gavilán 1020,-34.617821,-58.4650832
Día,Buenos Aires,Lanús,Bustamante 678,-34.6908398,-58.3778879
Día,Capital Federal,Chacarita,Av. Álvarez Thomas 849,-34.5793342,-58.4540636
Día,Capital Federal,Paternal,Av. San Martín 2687,-34.6029364,-58.4640305
Día,Capital Federal,Palermo,Arce 730,-34.5686491,-58.4349224
Día,Capital Federal,Recoleta,Arenales 2017,-34.5944851,-58.3962421
Día,Buenos Aires,Morón,Aguero esquina Balcarce 935,-34.6510527,-58.6217416
Día,Capital Federal,Villa Crespo,Av. Juan B. Justo 2540,-34.6033271,-58.4566629
Día,Capital Federal,Nueva Pompeya,Amancio Alcorta 3889,-34.6552361,-58.4140049
Día,Entre Ríos,Paraná,Av. Don Bosco 1482,-31.7362811,-60.4953776
Día,Entre Ríos,Paraná,Av. de las Américas 2631,-31.7594866,-60.5274091
Día,Entre Ríos,Seguí,Urquiza 798,-31.9554117,-60.1259128
Día,Buenos Aires,Villa Rosa,Ruta 25 e/ A. Thomas y Boedo 4150,-34.4162586,-58.8721314
Día,Capital Federal,Parque Patricios,Avenida Chiclana 3230,-34.6336451,-58.4100212
Día,Capital Federal,Barracas,Av. Montes de Oca 1438,-34.6289421,-58.3777415
Día,Buenos Aires,Billinghurst,Primera Junta 5800,-34.5743287,-58.5744341
Día,Capital Federal,Liniers,Patrón 6273,-34.6466489,-58.5139933
Día,Capital Federal,Villa Devoto,San Martín 6948,-34.5916201,-58.5119631
Día,Capital Federal,Caballito,Av. San Martín 1372,-34.6072439,-58.4484649
Día,Capital Federal,Villa Luro,Av. Álvarez Jonte 5730,-34.6268057,-58.5144911
Día,Capital Federal,Colegiales,Av. Federico Lacroze 3178,-34.5777664,-58.4491525
Día,Capital Federal,Balvanera,Dr. Tomás M. de Anchorena 541,-34.6092155,-58.4031396
Día,Salta,Salta,José Contreras esq. Alfredo Palacios,-24.7892946,-65.4103194
Día,Entre Ríos,Crespo,Independencia 1660,-32.0362264,-60.3087734
Día,Salta,Salta,Mitre 960,-24.7779021,-65.4098064
Día,Capital Federal,Palermo,Av. Medrano 1235,-34.5950402,-58.4196043
Día,Capital Federal,Nueva Pompeya,Fernández de la Cruz 1030,-34.6445817,-58.4246941
Día,Corrientes,Corrientes,Libertad 5301,-27.4654046,-58.7851464
Día,Capital Federal,Mataderos,Av. de los Corrales 7325,-34.6679517,-58.506873
Día,Capital Federal,Constitución,Av. Entre Ríos 2084,-34.6324047,-58.390422
Día,Buenos Aires,San Miguel,Ángel Delía 1621,-34.543006,-58.711966
Día,Buenos Aires,Villa Soldati,Av. Fernández de la Cruz 2961,-34.65909,-58.4423757
Día,Capital Federal,Balvanera,Av. Rivadavia 2089,-34.6093532,-58.3960087
Día,Capital Federal,Flores,Av. Juan B. Justo 6252,-34.6290748,-58.4634771
Día,Buenos Aires,Burzaco,Cl. E. Burzaco 682,-34.8258956,-58.3950536
Día,Capital Federal,Caballito,Avenida Juan Bautista Alberdi 1550,-34.6265604,-58.4498728
Día,Capital Federal,Villa General Mitre,Av. Álvarez Jonte 2066,-34.6045992,-58.4728722
Día,Buenos Aires,San Nicolás de los Arroyos,Pellegrini 328,-33.3346053,-60.2187571
Día,Capital Federal,Palermo,Juan Francisco Seguí 4668,-34.5734396,-58.4221558
Día,Capital Federal,Villa Lugano,Av. Eva Perón 5462,-34.6611484,-58.483664
Día,Entre Ríos,Federal,Coronel Antelo 660,-30.9566683,-58.780605
Día,Capital Federal,Palermo,Av. Santa Fe 4550,-34.5791479,-58.4249952
Día,Capital Federal,Belgrano,Av. del Libertador 6761,-34.5498671,-58.4533657
Día,Buenos Aires,Las Flores,Av. San Martín entre G. Roca y Sarmiento 827,-36.0142754,-59.0998685
Día,Entre Ríos,Victoria,9 de Julio y Perón 150,-34.4541012,-58.5407091
Día,Buenos Aires,Almirante Brown,Cl. Salta 957,-34.7676369,-58.3568304
Día,Capital Federal,Villa Urquiza,Echeverría 5130,-34.5796782,-58.4822277
Día,Entre Ríos,Villa Elisa,J. J. Castelli 1444,-32.1631324,-58.4004902
Día,Buenos Aires,Lomas del Mirador,Cl. Eva Perón 297,-34.663145,-58.5288492
Día,Capital Federal,Recoleta,Marcelo T. de Alvear 1459,-34.5970385,-58.387766
Día,Capital Federal,Balvanera,Junín 638,-34.6017269,-58.3971311
Día,Capital Federal,CABA,Lafayette 638,-34.6425248,-58.3912718
Día,Buenos Aires,Tigre,Av. Cazón 1270,-34.4347985,-58.5670451
Día,Capital Federal,Mataderos,Av. Alberdi 6691,-34.6571095,-58.5095602
Día,Buenos Aires,Monte Grande,Cl. Vicente López 473,-34.8262423,-58.4623626
Día,Entre Ríos,Ramírez,Triunvirato 267,-32.1730052,-60.2003862
Día,Buenos Aires,Dolores,Bs. As. esq. Pueyrredón 400,-36.3153624,-57.6755399
Día,Capital Federal,Villa Lugano,Barrio Olímpico (Escalada 4350),-34.6766149,-58.4771849
Día,Capital Federal,Flores,Av. Rivadavia 7370,-34.6307237,-58.4689718
Día,Entre Ríos,Concordia,Alvear 954,-31.3900501,-58.0246344
Día,Capital Federal,Flores,Av. Gaona 2416,-34.6145371,-58.4608407
Día,Capital Federal,San Cristóbal,Av. Independencia 2262/78,-34.6182827,-58.3945945
Día,Capital Federal,Villa Urquiza,Av. Monroe 4880,-34.5696988,-58.4784848
Día,Buenos Aires,Paso del Rey,Av. Zapiola 529,-34.6511828,-58.7481829
Día,Capital Federal,Recoleta,Austria 2355,-34.5862212,-58.4014514
Día,Capital Federal,Flores,Av. Boyacá 37,-34.6261706,-58.4568843
Día,Buenos Aires,La Plata,Av. 66 2232,-34.9172394,-57.9252937
Día,Capital Federal,Villa Santa Rita,Emilio Lamarca 1965,-34.6142521,-58.4925398
Día,Capital Federal,Almagro,Av. Córdoba 3810/12/14,-34.5976817,-58.4229325
Día,Capital Federal,Flores,Varela 605/609,-34.6337558,-58.4637109
Día,Capital Federal,San Cristóbal,Humberto Primo 2346,-34.6220371,-58.3987878
Día,Capital Federal,Recoleta,Avenida Callao 1337,-34.5934769,-58.3928402
Día,Capital Federal,Retiro,Libertad 1271,-34.5991355,-58.3840491
Día,Entre Ríos,Concordia,San Juan 784,-31.3951194,-58.0132098
Día,Entre Ríos,Colón,Pte. Perón 378,-32.2182804,-58.1356171
Día,Capital Federal,CABA,Traful 3838,-34.6516764,-58.4139186
Día,Entre Ríos,Paraná,San Luis 448,-31.730292,-60.5199232
Día,Buenos Aires,Villa Lynch,1° de Mayo 6045,-34.5914199,-58.5247675
Día,Buenos Aires,Villa Madero,Av. Crovara 969,-34.6884434,-58.4999411
Día,Capital Federal,La Boca,Gral. Gregorio Aráoz de Lamadrid 728,-34.6373464,-58.3593254
Día,Buenos Aires,Avellaneda,Belgrano 4222,-34.6913515,-58.3381785
Día,Buenos Aires,Mercedes,Alem entre Pellegrini y Mitre 676,-34.6506717,-59.4317202
Día,Buenos Aires,Coronel Brandsen,Cl. Ituzaingó y Paso,-35.1679696,-58.2319674
Día,Capital Federal,Villa Real,Av. Lope de Vega 2839,-34.6159594,-58.5223737
Día,Buenos Aires,Grand Bourg,El Callao 1242,-34.5018958,-58.7142528
Día,Buenos Aires,General Pacheco,Hipólito Yrigoyen 543,-34.4577941,-58.629913
Día,Capital Federal,Villa Luro,Juan B. Alberdi 4730,-34.6362602,-58.5020915
Día,Buenos Aires,La Plata,Av. 7 423,-34.9078018,-57.9594187
Día,Entre Ríos,Gualeguaychú,Rivadavia 590,-33.0069637,-58.5116466
Día,Capital Federal,Constitución,San José 1818,-34.6302337,-58.3854499
Día,Capital Federal,Villa del Parque,Av. Álvarez Jonte 2201,-34.6141112,-58.4950506
Día,Buenos Aires,Lomas de Zamora,Cl. Cosquín 2724,-34.715213,-58.4528618
Día,Capital Federal,Villa Crespo,Leopoldo Marechal 1247/1249,-34.6032089,-58.440941
Día,Capital Federal,Agronomía,Av. de los Constituyentes 3836,-34.586707,-58.4871549
Día,Córdoba,Villa María,Leandro N. Alem 429,-32.4077978,-63.2483197
Día,Capital Federal,Monte Castro,Álvarez Jonte 4471,-34.6231399,-58.5103365
Día,Entre Ríos,Federación,José Ignacio Benítez 256,-30.9831618,-57.922639
Día,Capital Federal,Flores,Ramón Falcón 2452,-34.6303461,-58.4627756
Día,Buenos Aires,San Andrés de Giles,Av. Rivadavia 569,-34.4377542,-59.2615967
Día,Capital Federal,Palermo,Av. Córdoba 4667,-34.5936809,-58.4306968
Día,Buenos Aires,Ituzaingó,Cnl. C. F. de Brandsen 1957,-34.6583293,-58.6671441
Día,Buenos Aires,Longchamps,Cl. Ricardo J. Davel 1275,-34.85803,-58.3881462
Día,Capital Federal,Balvanera,Tte. Gral. Juan D. Perón 1901,-34.6092155,-58.4031396
Día,Buenos Aires,Tres Arroyos,25 de Mayo 302,-38.3814875,-60.2754424
Día,Buenos Aires,Boulogne,Bernardo Ader 775,-34.5189834,-58.5604573
Día,Buenos Aires,Villa Bosch,José María Bosch 1336,-34.592512,-58.5713177
Día,Capital Federal,Balvanera,La Rioja 465,-34.6160155,-58.4083251
Día,Capital Federal,Parque Avellaneda,Eva Perón 4139,-34.650976,-58.4714097
Día,Capital Federal,Palermo,Av. Federico Lacroze 2178,-34.5678406,-58.4426143
Día,Capital Federal,Villa del Parque,Av. San Martín 4162,-34.5991299,-58.4804303
Día,Buenos Aires,Lanús,Cl. 29 de Septiembre 1866,-34.7078708,-58.3904917
Día,Salta,Metán,José Ignacio Sierra 126,-25.4984893,-64.9704684
Día,Capital Federal,Monte Castro,Av. Segurola 1720,-34.6178196,-58.502686
Día,Entre Ríos,Paraná,Ramírez 2244,-31.7387662,-60.5173916
Día,Córdoba,Oncativo,Belgrano 941,-31.9151342,-63.6792335
Día,Capital Federal,Constitución,Av. Independencia 838/840,-34.6176358,-58.3813232
Día,Buenos Aires,Pergamino,Av. Julio A. Roca 281,-33.8963634,-60.5627776
Día,Capital Federal,Mataderos,Cl. Juan Bautista Alberdi 5925,-34.6622062,-58.5180024
Día,Capital Federal,Villa Urquiza,Av. Álvarez Thomas 3210,-34.5713261,-58.4836957
Día,Capital Federal,Palermo,Báez 222/224,-34.572215,-58.430858
Día,Santa Fe,Santo Tomé,Rivadavia 1871,-31.6638222,-60.7634935
Día,Entre Ríos,Gualeguay,San Antonio esquina Dr. J. H. Pagola,-33.1504259,-59.3106789
Día,Capital Federal,Palermo,Av. Santa Fe 5222,-34.5761235,-58.4333369
Día,Salta,Salta,Brown 70,-25.3278578,-64.0053137
Día,Capital Federal,Parque Chacabuco,Cobo 1477,-34.6423174,-58.4358704
Día,Buenos Aires,Santos Lugares,Rodríguez Peña 1355,-34.5974443,-58.5423693
Día,Buenos Aires,Villa Bosch,Santos Vega 5848,-34.5866435,-58.5768795
Día,Capital Federal,La Boca,Martín Rodríguez 1176,-34.6386578,-58.3585753
Día,Capital Federal,Caballito,Guayaquil 887,-34.6217585,-58.4404884
Día,Salta,Salta,Ejército Argentino y Batalla de Salta,-24.7892946,-65.4103194
Día,Capital Federal,Villa Luro,Directorio 4724,-34.6362602,-58.5020915
Día,Capital Federal,Constitución,Av. Bernardo de Irigoyen 1518,-34.6263037,-58.3787101
Día,Buenos Aires,San Antonio de Areco,Avenida Smith 348,-34.240951,-59.4677213
Día,Buenos Aires,General Madariaga,Sarmiento esq. Maistegui 1400,-36.9952343,-57.1369265
Día,Buenos Aires,Ingeniero Adolfo Sourdeaux,Presidente Derqui 1164,-34.5008046,-58.6601462
Día,Santa Fe,Funes,Angelomé 2066,-32.9206999,-60.812779
Día,Capital Federal,Belgrano,Av. Libertador 6144,-34.555463,-58.4490046
Día,Capital Federal,CABA,Virrey Cevallos 341,-34.6129857,-58.3890182
Día,Capital Federal,Almagro,Quintino Bocayuva 352,-34.6163194,-58.4227348
Día,Capital Federal,Chacarita,Av. Dorrego 1034/36,-34.589254,-58.4461839
Día,Buenos Aires,El Jagüel Pdo. Esteban Echeverría,Cl. Evita 354,-34.6037,-58.3816
Día,Capital Federal,Parque Patricios,La Rioja 1850,-34.632479,-58.406
Día,Capital Federal,Villa General Mitre,Av. San Martín 3172/74/80,-34.6103098,-58.4693142
Día,Capital Federal,Almagro,Av. Independencia 3311,-34.6205408,-58.4128037
Día,Buenos Aires,El Palomar,Cap. Claudio Rosales 1549,-34.6225227,-58.595568
Día,Buenos Aires,Longchamps,Cl. Rivadavia 1495,-34.8518631,-58.3759866
Día,Capital Federal,Belgrano,Vidal 2463/69,-34.5629703,-58.4613944
Día,Capital Federal,San Nicolás,Sarmiento 814,-34.6047921,-58.3782291
Día,Capital Federal,Núñez,Av. Crámer 3226,-34.5548984,-58.4700754
Día,Capital Federal,Saavedra,Crisólogo Larralde 3012,-34.5521419,-58.4736879
Día,Buenos Aires,Lomas del Mirador,Cl. Brig. Gral. Don J. M. de Rosas 945,-34.663145,-58.5288492
Día,Capital Federal,Barracas,Av. Regimiento de Patricios 795,-34.6372762,-58.3698318
Día,Capital Federal,Floresta,Av. Segurola 1438,-34.6237903,-58.4948889
Día,Capital Federal,Parque Chacabuco,La Plata 1976,-34.6284963,-58.4264201
Día,Buenos Aires,Bernal,Belgrano 388,-34.7150734,-58.2767022
Día,Capital Federal,Chacarita,Av. Corrientes 6180,-34.5920163,-58.447425
Día,Capital Federal,Villa Lugano,Montiel 3829,-34.6765725,-58.4934061
Día,Capital Federal,Flores,Pedernera 280,-34.6324755,-58.4626138
Día,Capital Federal,Colegiales,Cabildo 1168,-34.5687567,-58.4477297
Día,Capital Federal,Recoleta,Azcuénaga 1902,-34.587656,-58.3952261
Día,Buenos Aires,San Andrés,San Lorenzo (N° 91) 2956,-34.5727689,-58.5439849
Día,Buenos Aires,Laferrere,Cl. Magnasco 3147,-34.7479743,-58.5882934
Día,Jujuy,Jujuy,Av. Olavarría 390,-24.1977535,-65.3095564
Día,Corrientes,Paso de la Patria,Rioja 560,-27.3178756,-58.5716285
Día,Buenos Aires,General Rodríguez,Blvd. Bro. de Irigoyen 1326,-34.6082302,-58.9522206
Día,Capital Federal,Villa Urquiza,Av. Triunvirato 4933,-34.5726678,-58.4882576
Día,Capital Federal,Palermo,Jerónimo Salguero 3044,-34.5772886,-58.4056692
Día,Capital Federal,Vélez Sarsfield,Av. Rivadavia 8875,-34.6353955,-58.4890029
Día,Capital Federal,Boedo,La Plata 1216,-34.626968,-58.426404
Día,Buenos Aires,Lobería,Cl. Suárez García 101,-38.1580928,-58.7856101
Día,Buenos Aires,Castelar,Av. Gdor. Inocencio Arias 2983,-34.6555638,-58.6425128
Día,Capital Federal,Villa Lugano,Av. Riestra 5726,-34.6775667,-58.4754076
Día,Buenos Aires,Benavidez,Av. Alvear 2939,-34.4214117,-58.7072104
Día,Capital Federal,Belgrano,Ciudad de la Paz 1984,-34.563817,-58.4567437
Día,Corrientes,Goya,España 347,-29.1452691,-59.2626121
Día,Capital Federal,Villa Crespo,Argañaraz 25,-34.5932867,-58.4480481
Día,Capital Federal,Palermo,Humboldt 1574,-34.5858241,-58.4366246
Día,Buenos Aires,Ezeiza,Cl. Guillermo Gaddini 109,-34.8168141,-58.5474234
Día,Capital Federal,Constitución,Av. Brasil 1661,-34.6288714,-58.3888132
Día,Entre Ríos,Federal,Hipólito Yrigoyen 1140,-30.9474893,-58.7751421
Día,Capital Federal,Villa Soldati,Mariano Acosta 3552,-34.6653652,-58.4425589
Día,Buenos Aires,Caseros,San Martín 2146,-34.6017133,-58.5616831
Día,Capital Federal,Balvanera,24 de Noviembre 53,-34.6112764,-58.4117705
Día,Capital Federal,Lugano,Zelarrayán 5751,-34.6743534,-58.4799833
Día,Buenos Aires,Tres de Febrero,De Los Aromos 6194,-34.6037422,-58.5937465
Día,Capital Federal,Villa Ortúzar,Av. de Los Incas 4355,-34.5803527,-58.4729707
Día,Capital Federal,San Cristóbal,Av. San Juan 2641,-34.6235608,-58.4015922
Día,Buenos Aires,Palomar,Misiones 6458,-34.6053398,-58.5926273
Día,Buenos Aires,La Plata,Calle 63 2085,-34.9416839,-57.958211
Día,Capital Federal,San Nicolás,Viamonte 1535,-34.6006146,-58.3886593
Día,Buenos Aires,Bolívar,Av. Alsina 651,-36.2301117,-61.1122667
Día,Capital Federal,CABA,Corrales 3020,-34.6623237,-58.4397638
Día,Buenos Aires,Matheu,S. Melo e/ S. Martín y Belgrano,-34.3828026,-58.8297517
Día,Buenos Aires,Olivos,Gobernador Ugarte 2450,-34.5137601,-58.4906292
Día,Capital Federal,Almagro,Sarmiento 3978,-34.6050188,-58.420826
Día,Capital Federal,Caballito,Guayaquil 264,-34.6200708,-58.4323287
Día,Capital Federal,Monserrat,Moreno 1333,-34.6121394,-58.3852592
Día,Buenos Aires,Trenque Lauquen,Mitre 56,-35.971264,-62.7324004
Día,Capital Federal,Flores,Avellaneda 2102,-34.6231501,-58.4612593
Día,Entre Ríos,La Paz,San Martín 1320,-30.7450863,-59.6445542
Día,Capital Federal,Belgrano,Av. Monroe 2442,-34.5639902,-58.4691126
Día,Capital Federal,Flores,Av. Juan B. Justo 5409,-34.6290748,-58.4634771
Día,Capital Federal,La Boca,20 de Septiembre 341,-34.6297709,-58.3629051
Día,Capital Federal,Belgrano,Rawson 26,-34.612958,-58.3776468
Día,Capital Federal,CABA,San José 1141,-34.6223517,-58.3852048
Día,Capital Federal,Palermo,Beruti 3434,-34.5863713,-58.4109955
Día,Capital Federal,CABA,Fernández de la Cruz 1499,-34.6476452,-58.428402
Día,Capital Federal,Villa Ortúzar,Avenida Triunvirato 3791,-34.5806951,-58.4746289
Día,Buenos Aires,Los Polvorines,Gral. San Martín 2669,-34.5106413,-58.699072
Día,Capital Federal,Parque Avellaneda,Medina 715,-34.6423191,-58.4865366
Día,Buenos Aires,Lomas de Zamora,Cl. Santa Fe 500,-34.7534775,-58.4205513
Día,Capital Federal,Parque Avellaneda,Av. Lacarra 574,-34.6401134,-58.481291
Día,Entre Ríos,Paraná,Banda Oriental 757,-31.7615957,-60.5110857
Día,Capital Federal,Chacarita,Córdoba 6075,-34.583885,-58.4459334
Día,Buenos Aires,25 de Mayo,Cl. Calle 9 y Calle 32 1300,-35.4324152,-60.171624
Día,Corrientes,Curuzú Cuatiá,Rivadavia 646,-29.7913046,-58.0551973
Día,Capital Federal,Colegiales,Av. Elcano 3521,-34.5771233,-58.4600655
Día,Capital Federal,Parque Chacabuco,José María Moreno 1654,-34.6375604,-58.4318407
Día,Capital Federal,San Nicolás,Sarmiento 1282,-34.6054869,-58.3900689
Día,Capital Federal,CABA,Av. Alberdi 5655,-34.6500698,-58.5010698
Día,Buenos Aires,Isidro Casanova,Cl. Cristianía 1400,-34.7337011,-58.5532264
Día,Entre Ríos,Rosario del Tala,Ramírez 21,-32.3017841,-59.1385429
Día,Buenos Aires,El Talar,Hipólito Yrigoyen 1973,-34.4687577,-58.6504118
Día,Capital Federal,CABA,Bolívar 306,-34.611491,-58.3733237
Día,Buenos Aires,Virrey del Pino,Cl. Río de la Plata 7431,-34.8229423,-58.621446
Día,Buenos Aires,Adrogué,Cl. Seguí 750,-34.8129937,-58.4219782
Día,Capital Federal,Belgrano,Av. Ricardo Balbín 2519,-34.5619788,-58.4666612
Día,Capital Federal,San Telmo,Av. Almirante Brown 154,-34.6214013,-58.37375
Día,Buenos Aires,Roque Pérez,Av. Mitre e Hipólito Yrigoyen 1183,-35.3964431,-59.3312128
Día,Capital Federal,Villa Pueyrredón,Avenida Nazca 4821,-34.5810806,-58.4936593
Día,Jujuy,Perico,Av. San Martín 310,-24.3778403,-65.1210918
Día,Capital Federal,Villa Real,Lope de Vega 2159,-34.617437,-58.5205764
Día,Capital Federal,Villa Ortúzar,Av. Álvarez Thomas 1520,-34.5785789,-58.4635526
Día,Capital Federal,CABA,Av. Leandro N. Alem 432,-34.6026699,-58.370574
Día,Buenos Aires,Ciudad Evita,Av. Presidente Perón 2236,-34.7176772,-58.5295556
Día,Capital Federal,CABA,Mario Bravo 275,-34.6073588,-58.4172933
Día,Buenos Aires,Berisso,Cl. Montevideo 1020,-34.8648354,-57.8920115
Día,Capital Federal,Monserrat,Suipacha 715/719/723/729,-34.6115595,-58.3841265
Día,Capital Federal,Belgrano,Av. Monroe 1911,-34.5625705,-58.4670062
Día,Capital Federal,Mataderos,Av. Directorio 6939,-34.6629666,-58.5066623
Día,Capital Federal,Parque Patricios,Av. Amancio Alcorta 2585,-34.6430214,-58.3975108
Día,Buenos Aires,Victoria,Pte. Perón 3084,-34.4541012,-58.5407091
Día,Capital Federal,Palermo,Dorrego 2579,-34.5746539,-58.434614
Día,Capital Federal,Parque Chacabuco,Curapaligue 1964/68,-34.632909,-58.4497465
Día,Capital Federal,San Telmo,Bolívar 953,-34.6191288,-58.3730636
Día,Corrientes,Saladas,Mitre 951,-28.2520022,-58.6358259
Día,Buenos Aires,Mariano Acosta,Figueroa Alcorta Esquina Gelly,-34.7236216,-58.7922836
Día,Buenos Aires,Zárate,Almte. Brown 247,-34.0954713,-59.0245097
Día,Capital Federal,Liniers,Cl. Emilio Castro 7471,-34.6460878,-58.5029241
Día,Entre Ríos,Diamante,San Martín 484,-32.0683573,-60.6427729
Día,Capital Federal,Balvanera,Paso 752,-34.5999122,-58.403336
Día,Capital Federal,Boedo,Avenida Independencia 4032,-34.6215358,-58.4227337
Día,Capital Federal,Barracas,Av. Vélez Sársfield 1572,-34.6404167,-58.3898774
Día,Capital Federal,Mataderos,Emilio Castro 5266,-34.6442699,-58.4987128
Día,Capital Federal,Monserrat,Av. Paseo Colón 464,-34.6130936,-58.369027
Día,Capital Federal,Parque Avellaneda,Eva Perón 4640,-34.6553608,-58.4758388
Día,Capital Federal,Villa Santa Rita,Cuenca 1560,-34.6159232,-58.4834178
Día,Capital Federal,Caballito,Franklin 1151,-34.6114092,-58.4510007
Día,Buenos Aires,Claypole,Cl. Alcorta 1235,-34.8054457,-58.3434285
Día,Capital Federal,Balvanera,Av. Callao 416,-34.6041605,-58.3924576
Día,Capital Federal,Villa Pueyrredón,Av. Mosconi 3073/75,-34.5863838,-58.5020169
Día,Buenos Aires,Don Torcuato,Av. Ángel Torcuato de Alvear 2235,-34.4991749,-58.6408689
Día,Capital Federal,Caballito,Av. Avellaneda 848,-34.6163135,-58.4424757
Día,Buenos Aires,Garín,Belgrano 664,-34.4194118,-58.7286806
Día,Buenos Aires,Los Toldos,Avellaneda Esq. España 205,-35.0002026,-61.0384006
Día,Capital Federal,Versalles,Álvarez Jonte 6282,-34.6334906,-58.52089
Día,Capital Federal,Palermo,Gurruchaga 1824,-34.5877768,-58.4269778
Día,Capital Federal,Recoleta,Avenida Presidente Quintana 362,-34.5895923,-58.3885385
Día,Capital Federal,Belgrano,Amenábar 2369,-34.5605963,-58.4606491
Día,Jujuy,El Carmen,Belgrano 620,-24.387359,-65.2661214
Día,Buenos Aires,Daireaux,Cl. Lavalle 99,-36.6034232,-61.7477079
Día,Capital Federal,Boedo,Boedo 875,-34.6237378,-58.4164107
Día,Buenos Aires,Ensenada,Av. 122 Entre Calle 38 y 40 39,-34.8574895,-57.907717
Día,Capital Federal,Nueva Pompeya,Fernández de la Cruz 865,-34.6430886,-58.423399
Día,Buenos Aires,Cañuelas,Cl. Rivadavia 800,-35.0480412,-58.7668496
Día,Capital Federal,Villa Devoto,Beiró 4911,-34.6105839,-58.5197136
Día,Capital Federal,Villa General Mitre,Gral. José Gervasio Artigas 1744,-34.6103098,-58.4693142
Día,Capital Federal,Villa del Parque,Avenida Nazca 3189,-34.5992961,-58.4912284
Día,Capital Federal,Flores,Av. Nazca 684,-34.6244457,-58.4725923
Día,Capital Federal,Mataderos,Directorio 5024,-34.6510892,-58.4911253
Día,Capital Federal,Parque Avellaneda,Eva Perón 3729,-34.6462993,-58.4674611
Día,Capital Federal,Palermo,Córdoba 3683,-34.5976719,-58.4185815
Día,Jujuy,San Salvador,Av. Almirante Brown 483,-24.212395,-65.2788725
Día,Buenos Aires,Quilmes,Los Quilmes 159,-34.7259827,-58.3015367
Día,Capital Federal,Palermo,Av. Raúl Scalabrini Ortiz 1647,-34.5906533,-58.424335
Día,Entre Ríos,Crespo,Belgrano 1163,-32.028867,-60.3092916
Día,Capital Federal,Saavedra,Av. Donado 3538,-34.5594598,-58.4857275
Día,Capital Federal,Almagro,Gascón 316,-34.6083477,-58.4247716
Día,Capital Federal,Parque Chacabuco,Cobo 921,-34.6410476,-58.4289486
Día,Buenos Aires,Lanús,San Vladimiro 3165,-34.707921,-58.4181421
Día,Capital Federal,Villa Urquiza,Av. Triunvirato 5480,-34.568675,-58.492838
Día,Buenos Aires,Caseros,Av. General Justo José de Urquiza 4583,-34.6058716,-58.5600255
Día,Corrientes,Monte Caseros,Perello 279,-30.257129,-57.6388266
Día,Capital Federal,CABA,Av. Corrientes 2975,-34.6041821,-58.4074439
Día,Buenos Aires,Loma Hermosa,Gabino Ezeiza Esq. Brasil 8650,-34.5693506,-58.6015817
Día,Buenos Aires,La Plata,Cl. Av. 120 Esq. 80,-34.9206797,-57.9537638
Día,Capital Federal,Boedo,Asamblea 968,-34.6309325,-58.425993
Día,Capital Federal,Villa Urquiza,Av. Monroe 4278,-34.5748742,-58.4873601
Día,Capital Federal,Retiro,Av. Santa Fe 927,-34.5951407,-58.380376
Día,Buenos Aires,Miramar,Calle 23 1036,-38.2530347,-57.8420737
Día,Buenos Aires,Ingeniero Maschwitz,Av. Villanueva 1545,-34.3925889,-58.7387694
Día,Capital Federal,Caballito,Av. Pedro Goyena 1373,-34.6272737,-58.4465958
Día,Capital Federal,Caballito,Avenida Honorio Pueyrredón 652,-34.61247,-58.4420132
Día,Capital Federal,Balvanera,Sarandí 260,-34.6123638,-58.3946534
Día,Capital Federal,Saavedra,Av. Dr. Ricardo Balbín 4881,-34.5520227,-58.4982901
Día,Capital Federal,Villa Santa Rita,Nazca 1663,-34.6164176,-58.4777101
Día,Capital Federal,Nueva Pompeya,Av. Sáenz 1273/75,-34.6519915,-58.4162014
Día,Capital Federal,Balvanera,Av. Pueyrredón 576,-34.6036662,-58.4053849
Día,Buenos Aires,Rafael Castillo,Cl. Soldado Sosa 5460,-34.7036518,-58.6385104
Día,Buenos Aires,Lanús,25 de Mayo 571,-34.7071797,-58.3999377
Día,Capital Federal,Villa Urquiza,Holmberg 2797,-34.5661253,-58.4796169
Día,Capital Federal,Villa Real,Simbrón 5768,-34.6203007,-58.5262908
Día,Capital Federal,Constitución,Lima 1457,-34.6254337,-58.3824224
Día,Buenos Aires,Alejandro Korn,Cl. Boulev. de Mayo y Av. Mitre 4138,-34.9805618,-58.3739099
Día,Buenos Aires,Rojas,Julio Iribarne 291,-34.1950794,-60.7319861
Día,Capital Federal,Villa Urquiza,Av. Congreso 5781,-34.5738671,-58.4982668
Día,Capital Federal,Palermo,Ortega y Gasset 1786,-34.5698863,-58.432186
Día,Salta,Salta,Olavarría 506,-24.7947957,-65.4323415
Día,Salta,Salta,Juan Manuel de Rosas Esquina Balbín,-24.7892946,-65.4103194
Día,Capital Federal,Mataderos,Av. Perón 7228,-34.6729,-58.4993454
Día,Capital Federal,Villa del Parque,Nazca 2325,-34.6084872,-58.4835866
Día,Salta,Gral. Güemes,Cabred 23,-25.4371673,-66.2946002
Día,Capital Federal,Floresta,Av. Rivadavia 9150,-34.6337205,-58.4813531
Día,Capital Federal,Parque Avellaneda,Olivera 1268,-34.6530274,-58.4812781
Día,Capital Federal,Palermo,Fitz Roy 2292,-34.5794429,-58.431135
Día,Entre Ríos,Concepción del Uruguay,Sarmiento 1552,-32.4905655,-58.2522446
Día,Capital Federal,Parque Chacabuco,Av. Directorio 134,-34.627375,-58.4286608
Día,Capital Federal,Villa Lugano,Av. Riestra 6148,-34.6804871,-58.4787416
Día,Capital Federal,CABA,La Plata 2689,-34.6459002,-58.4203924
Día,Capital Federal,Constitución,Av. San Juan 1261,-34.6226705,-58.3906956
Día,Entre Ríos,Colón,San Martín 680,-32.2252684,-58.1453769
Día,Buenos Aires,Merlo,Av. San Martín 2971,-34.6788014,-58.7271145
Día,Entre Ríos,Paraná,Almafuerte 2416,-31.7577266,-60.4869677
Día,Entre Ríos,Villaguay,Rivadavia 29,-31.869589,-59.0284745
Día,Capital Federal,San Cristóbal,Av. San Juan 3153,-34.6245469,-58.409677
Día,Capital Federal,Villa Devoto,Av. San Martín 7305,-34.5896824,-58.5166403
Día,Buenos Aires,Ramos Mejía,Av. Mayo 791,-34.6479387,-58.5643451
Día,Buenos Aires,San Miguel,Av. Primera Junta 952,-34.533084,-58.7240266
Día,Capital Federal,CABA,Av. Independencia 2733,-34.618822,-58.4041149
Día,Santa Fe,Villa Constitución,San Martín 1081,-33.2358677,-60.3188354
Día,Capital Federal,CABA,Bartolomé Mitre 3977,-34.6098032,-58.4224409
Día,Capital Federal,CABA,Av. Rivadavia 11086,-34.6390882,-58.5206876
Día,Capital Federal,Flores,Av. Eva Perón 2162,-34.6379102,-58.4520552
Día,Buenos Aires,Caseros,Av. Hipólito Yrigoyen 2040 y Marcelo T. de Alvear,-34.607366,-58.5661311
Día,Capital Federal,Almagro,Av. Corrientes 3853,-34.6032724,-58.4188179
Día,Capital Federal,Villa Luro,Fernández de la Cruz 5583,-34.6362602,-58.5020915
Día,Entre Ríos,Larroque,Gral. Urquiza 256,-33.0339291,-58.998577
Día,Capital Federal,Saavedra,Av. Cabildo 4316,-34.5444275,-58.4718836
Día,Entre Ríos,Gualeguay,Maipú 234,-33.149681,-59.3166364
Día,Salta,Salta,España 2195,-24.7347964,-65.4843612
Día,Capital Federal,Villa Lugano,Escalada 2341,-34.6597182,-58.4766371
Día,Buenos Aires,Llavallol,Av. Antártida Argentina 1660,-34.8047305,-58.4386557
Día,Buenos Aires,Pehuajó,Mitre Esq. José Hernández 316,-35.8104933,-61.899055
Día,Buenos Aires,Loma Verde,Cl. Guatambú 204,-34.8222129,-58.4231613
Día,Capital Federal,Parque Chacabuco,José María Moreno 1216,-34.6280256,-58.4338861
Día,Capital Federal,Lugano,Cl. Santander 5960,-34.677225,-58.4770537
Día,Capital Federal,San Nicolás,Talcahuano 475,-34.6031532,-58.3850492
Día,Salta,Salta,Av. de Las Américas 965,-24.8125172,-65.3827414
Día,Corrientes,Curuzú Cuatiá,Uruguay 1470,-29.7835503,-58.073745
Día,Buenos Aires,Pablo Nogués,R. 197 e/ Seguí y Granaderos 2371,-34.4793139,-58.6989198
Día,Buenos Aires,Luján,Humberto Primero 1000,-34.7150658,-58.2386352
Día,Capital Federal,CABA,Bogotá 2740,-34.626828,-58.4689286
Día,Buenos Aires,Lomas de Zamora,Av. M. Rodríguez y G. Mistral 950,-34.7572582,-58.4026638
Día,Buenos Aires,Lanús,Cl. Eva Perón 3349,-34.6989315,-58.3913284
Día,Entre Ríos,Nogoyá,Caseros 1200,-32.3979217,-59.7895633
Día,Capital Federal,Villa Pueyrredón,Av. Mosconi 2734,-34.5852246,-58.5002497
Día,Buenos Aires,Francisco Álvarez,Av. Semana de Mayo 1552,-34.6352063,-58.8508976
Día,Capital Federal,Versalles,Gallardo 611,-34.6313819,-58.524971
Día,Capital Federal,Parque Patricios,Av. Caseros 2938,-34.637045,-58.4045399
Día,Buenos Aires,San Pedro,Av. Belgrano 949,-33.6819474,-59.6707027
Día,Capital Federal,Villa Urquiza,Olazábal 4324,-34.5719603,-58.4777854
Día,Capital Federal,Balvanera,Av. Corrientes 1978,-34.6046172,-58.3949044
Día,Entre Ríos,Paraná,Gral. Gervasio Artigas 883,-31.7330145,-60.5298511
Día,Capital Federal,Palermo,Av. Córdoba 4085,-34.5971071,-58.4245253
Día,Salta,Salta,Radio Patagonia Esq. Rad. Independencia,-24.7892946,-65.4103194
Día,Buenos Aires,Arrecifes,Ricardo Gutiérrez 435,-34.0643176,-60.1061768
Día,Capital Federal,Caballito,Méndez de los Andes 961,-34.6205897,-58.4413922
Día,Capital Federal,Villa del Parque,Álvarez Jonte 2539,-34.6072889,-58.4781069
Día,Buenos Aires,Berazategui,Av. Mitre 2101,-34.7508057,-58.2193108
Día,Entre Ríos,Paraná,Carbó 701,-31.7413397,-60.5232817
Día,Capital Federal,Caballito,Gaona 1170,-34.6079379,-58.4462696
Día,Capital Federal,Caballito,Valle 509 / 519,-34.6243813,-58.4338012
Día,Capital Federal,Flores,Av. Lafuente 1373,-34.6462486,-58.4590232
Día,Buenos Aires,Bella Vista,Senador Morón 1480,-34.5658106,-58.6848359
Día,Capital Federal,CABA,Av. San Juan 2899,-34.6240708,-58.4057158
Día,Capital Federal,Villa Riachuelo,Cl. Chilavert 6570,-34.6884204,-58.4783877
Día,Capital Federal,CABA,Almafuerte 724/726/730,-34.6095579,-58.3887904
Día,Buenos Aires,Villa Adelina,Av. Paraná 6370,-34.5245071,-58.5471872
Día,Buenos Aires,San Justo,Cl. Juan M. de Rosas 3634,-34.6774186,-58.5607837
Día,Buenos Aires,Carlos Casares,San Martín y Rivadavia,-35.6232368,-61.3650016
Día,Entre Ríos,Paraná,Los Ceibos 798,-31.7340522,-60.5471372
Día,Capital Federal,Almagro,Av. Boedo 431,-34.6177661,-58.4169291
Día,Buenos Aires,Mar del Plata,Alberti 2151,-38.0088531,-57.5482482
Día,Capital Federal,Saavedra,Av. Ruiz Huidobro 3942/44,-34.5501909,-58.4854987
Día,Salta,Salta,25 de Mayo 652,-24.7815515,-65.4142852
Día,Buenos Aires,San Vicente,Cl. 25 de Mayo,-36.9004813,-60.3241638
Día,Capital Federal,Mataderos,Av. Eva Perón 5887,-34.6631368,-58.4887699
Día,Salta,Salta,Sarmiento Esquina Torino,-24.7892946,-65.4103194
Día,Capital Federal,Monserrat,Chile 1347,-34.6165885,-58.3850942
Día,Capital Federal,Villa Pueyrredón,Gral. José Gervasio Artigas 5139,-34.5794479,-58.5040849
Día,Salta,Salta,RP 26 Km2 Camino a La Isla,-24.7892946,-65.4103194
Día,Buenos Aires,Ciudadela,Av. Rivadavia 12646,-34.6399685,-58.549286
Día,Entre Ríos,Villaguay,Leopoldo Herrera y Crispín Velázquez,-31.8676271,-59.0270174
Día,Buenos Aires,Villa Ballester,Pueyrredón 2663,-34.5501732,-58.5525586
Día,Buenos Aires,José León Suárez,Av. Brig. Gral. J. M. de Rosas 4351 Esq. 9 de Julio,-34.534488,-58.5762177
Día,Entre Ríos,Diamante,Sarmiento S/N Esq. Moreno,-32.0670391,-60.6426494
Día,Capital Federal,Belgrano,Avenida Crámer 2060,-34.5653019,-58.4612398
Día,Capital Federal,Boedo,Av. San Juan 4231,-34.6265889,-58.4246509
Día,Capital Federal,Villa Crespo,Juan Ramírez de Velasco 745,-34.5961414,-58.438658
Día,Capital Federal,Saavedra,Av. Cabildo 4932,-34.5399303,-58.4756212
Día,Capital Federal,Villa Riachuelo,Ferré 6432,-34.6934648,-58.466402
Día,Capital Federal,Barracas,Av. Vélez Sársfield 472,-34.6397463,-58.3897867
Día,Capital Federal,Chacarita,Corrientes 6737,-34.5876151,-58.4530612
Día,Buenos Aires,Pilar,Av. Tratado del Pilar 131,-34.4527428,-58.9075788
Día,Capital Federal,Villa Urquiza,Galván 3460,-34.5633488,-58.4905904
Día,Capital Federal,Barracas,California 1995,-34.6473926,-58.3762914
Día,Capital Federal,Caballito,José María Moreno 779,-34.6276913,-58.4340235
Día,Buenos Aires,Haedo,Rivadavia 16275,-34.6457545,-58.5926185
Día,Salta,Salta,Av. Ciudad de Asunción S/N,-24.7942116,-65.3663642
Día,Capital Federal,CABA,Pomar 3401,-34.6395615,-58.4120555
Día,Capital Federal,Vélez Sársfield,Av. Justo Doctor Juan Bautista 7533/37/43,-34.6323692,-58.4808865
Día,Salta,Rosario de la Frontera,Av. San Martín 162,-25.8048174,-64.9776892
Día,Capital Federal,Villa Crespo,Scalabrini Ortiz 367,-34.5994325,-58.4378511
Día,Capital Federal,Villa Real,Nogoyá 6061,-34.6251536,-58.5263253
Día,Buenos Aires,Don Torcuato,Av. A. T. Alvear 822,-34.4886587,-58.6266492
Día,Capital Federal,Núñez,Av. Cabildo 3822,-34.5530781,-58.4647268
Día,Buenos Aires,Garín,Fructuoso Díaz E. Mistral 3700,-34.4215728,-58.7366518
Día,Salta,Joaquín V. González,Gral. Güemes 170,-24.7251482,-65.4948839
Día,Capital Federal,Almagro,Av. Jujuy 346,-34.6099883,-58.4222331
Día,Buenos Aires,Berisso,Cl. Montevideo 2181,-34.8648354,-57.8920115
Día,Capital Federal,Villa Ortúzar,Av. Triunvirato 3551,-34.5823152,-58.4714948
Día,Buenos Aires,Luis Guillón,Cl. Varisco 1652,-34.8032836,-58.4485809
Día,Capital Federal,Palermo,Av. Dorrego 1747,-34.5725901,-58.4268177
Día,Salta,Salta,Gral. Savio Cruce Av. Juan Domingo Perón,-24.7892946,-65.4103194
Día,Capital Federal,Coghlan,Av. Dr. Ricardo Balbín 3487,-34.5567797,-58.4789979
Día,Capital Federal,Floresta,Av. Rivadavia 8378,-34.6339478,-58.4816906
Día,Capital Federal,Villa Santa Rita,Av. Nazca 1316,-34.6183986,-58.4760208
Día,Buenos Aires,Chacabuco,Av. Hipólito Yrigoyen 51,-34.6297043,-60.470185
Día,Capital Federal,Villa del Parque,Nazarre 3240,-34.602604,-58.4950437
Día,Capital Federal,Villa Soldati,Francisco Fernández de la Cruz 3596,-34.6682468,-58.4532902
Día,Capital Federal,Boedo,Av. Independencia 3765,-34.6210294,-58.4189111
Día,Capital Federal,CABA,Av. Rivadavia 3855,-34.6111779,-58.4204305
Día,Buenos Aires,Olavarría,Cl. Rivadavia 2746,-36.9096985,-60.3424155
Día,Capital Federal,Recoleta,Gallo 1201,-34.5979782,-58.4119201
Día,Buenos Aires,San Miguel,Av. Illia 5685,-34.5352717,-58.6979489
Día,Buenos Aires,Bernal,Lamadrid Esq. Rawson,-34.7175436,-58.3001472
Día,Buenos Aires,San Fernando,Avellaneda 4801,-34.4497979,-58.5512486
Día,Capital Federal,Belgrano,Av. Crámer 2875,-34.5582439,-58.4666883
Día,Entre Ríos,Viale,Sarmiento y 9 de Julio,-31.8720895,-60.0129648
Día,Buenos Aires,Maipú,Rivadavia e/ Lavalle y V. Lynch 249,-32.9846171,-68.7882043
Día,Capital Federal,Flores,Av. Donato Álvarez 442/46,-34.6290748,-58.4634771
Día,Capital Federal,Coghlan,Av. Dr. Ricardo Balbín 2902,-34.5600891,-58.4717906
Día,Capital Federal,Villa Urquiza,Av. Olazábal 4832,-34.575139,-58.4832818
Día,Capital Federal,CABA,Av. Córdoba 1733,-34.599471,-58.3920365
Día,Capital Federal,Villa Crespo,Av. Scalabrini Ortiz 81,-34.601589,-58.441334
Día,Capital Federal,Recoleta,Charcas 2725,-34.5945631,-58.4052941
Día,Capital Federal,Palermo,Av. Santa Fe 4012,-34.5822928,-58.4203953
Día,Capital Federal,Núñez,Av. Cabildo 4625,-34.5419701,-58.4732365
Día,Buenos Aires,Presidente Derqui,E. Perón Esq. Medrano,-34.4909894,-58.8384641
Día,Buenos Aires,Olivos,Av. Maipú 2949,-34.5086848,-58.4915185
Día,Capital Federal,Palermo,Thames 2447,-34.5818391,-58.4223809
Día,Capital Federal,Monte Castro,Álvarez Jonte 5240,-34.6235765,-58.5107417
Día,Capital Federal,Villa General Mitre,Tte. Gral. Donato Álvarez 1532/38,-34.6103098,-58.4693142
Día,Capital Federal,Monserrat,Moreno 968,-34.6118356,-58.3800013
Día,Capital Federal,Villa Devoto,Avenida Beiró 4567,-34.6077871,-58.5151391
Día,Capital Federal,Villa Devoto,Sanabria 2930,-34.6096946,-58.5078336
Día,Capital Federal,Villa Lugano,Av. Riestra 5398,-34.6743935,-58.4720016
Día,Capital Federal,Parque Chacabuco,Av. Del Barco Centenera 801,-34.6423554,-58.4323084
Día,Capital Federal,La Boca,Regimiento Patricios 134,-34.6311261,-58.3703819
Día,Capital Federal,La Boca,Av. Almirante Brown 803,-34.6321848,-58.3608885
Día,Capital Federal,Almagro,Av. Corrientes 3534,-34.6040655,-58.4149388
Día,Capital Federal,Monserrat,Chacabuco 685,-34.6159976,-58.3760541
Día,Entre Ríos,Paraná,Laprida 713,-31.7256455,-60.5388856
Día,Capital Federal,Almagro,Gallo 720/24,-34.6057453,-58.4135694
Día,Capital Federal,Villa del Parque,Cuenca 2567,-34.6060345,-58.4913706
Día,Buenos Aires,Tortuguitas,Luis María Drago 238,-34.474585,-58.7662838
Día,Buenos Aires,Carmen de Areco,Av. Mitre y Dowling 557,-34.3766574,-59.8227267
Día,Buenos Aires,Munro,Av. Mitre 4211,-34.5139139,-58.5304714
Día,Buenos Aires,Lanús,Av. Eva Perón 2567,-34.700504,-58.3894003
Día,Capital Federal,Flores,Av. Rivadavia 7521,-34.6310742,-58.471583
Día,Capital Federal,Villa Crespo,Ángel Gallardo 31,-34.6023356,-58.4328846
Día,Buenos Aires,Rafael Castillo,Santa Cruz 1038,-34.6992803,-58.6267798
Día,Capital Federal,Saavedra,Av. Crámer 4345,-34.5505454,-58.4733883
Día,Buenos Aires,Chascomús,J. M. de Rosas y Tucumán 800,-35.5786869,-58.0138252
Día,Entre Ríos,Villa Hernandarias,La Rioja 164,-31.7731854,-60.5058104
Día,Buenos Aires,Mar del Plata,San Juan 1254,-37.9876853,-57.5599525
Día,Capital Federal,Liniers,Tonelero 6906,-34.648056,-58.5219224
Día,Buenos Aires,Monte Grande,Cl. Dreyer y Alem 1600,-34.8192731,-58.4664257
Día,Capital Federal,Villa Crespo,Av. Scalabrini Ortiz 918,-34.5954801,-58.4321455
Día,Buenos Aires,Virreyes,Av. Avellaneda 3348,-34.4589552,-58.5687997
Día,Capital Federal,Agronomía,Av. Del Carril Salvador M. 2424/26,-34.5952803,-58.4859915
Día,Capital Federal,Flores,San Pedrito 662,-34.6385219,-58.4660179
Día,Buenos Aires,Martín Coronado,Pres. Juan D. Perón 7230,-34.5889657,-58.5906699
Día,Capital Federal,San Nicolás,Maipú 512,-34.6021109,-58.3767752
Día,Buenos Aires,José C. Paz,Gelly y Obes 4926,-34.5278387,-58.7464609
Día,Corrientes,Empedrado,San Martín 456,-27.9561253,-58.8068733
Día,Buenos Aires,Olivos,Cl. Rawson 3773,-34.5079752,-58.4823423
Día,Jujuy,Monterrico,Av. Independencia 440,-24.4442221,-65.166078
Día,Capital Federal,Palermo,Paraguay 3430,-34.5928846,-58.4138808
Día,Capital Federal,La Boca,Suárez 495,-34.6357644,-58.3602196
Día,Capital Federal,Villa Luro,Av. Juan B. Alberdi 4459,-34.6362602,-58.5020915
Día,Buenos Aires,Ezeiza,Cl. French 202,-34.8458118,-58.5266274
Día,Capital Federal,Parque Avellaneda,Avenida Eva Perón 3568,-34.6452592,-58.4654674
Día,Capital Federal,Parque Chacabuco,Pavón 3743,-34.6307615,-58.4260239
Jumbo,Buenos Aires,Belén de Escobar,RP25 9100,-34.3577139,-58.7989208
Jumbo,Buenos Aires,Morón,Blvd. Juan Manuel de Rosas 658,-34.6343932,-58.629647
Jumbo,Buenos Aires,Rincón de Milberg,Av. De los Lagos,-34.410238,-58.6082848
Jumbo,Buenos Aires,Olivos,Corrientes 449,-34.507853,-58.4786238
Jumbo,Buenos Aires,Llavallol,Av. Gral. Eustaquio Frías 3201,-34.7965742,-58.4301778
Jumbo,Buenos Aires,Quilmes,Av. Mitre 1075,-34.7284841,-58.2493919
Jumbo,Buenos Aires,Dique Luján,"Deán Funes 5100, Benavidez",-34.3993468,-58.7018561
Jumbo,Buenos Aires,Pilar,Las Magnolias 698,-34.4476621,-58.8669777
Jumbo,Buenos Aires,San Fernando,Av. Del Libertador 2261,-34.445495,-58.5477771
Jumbo,Buenos Aires,Martínez,Paraná 3745,-34.5086425,-58.5269261
Jumbo,Buenos Aires,Escobar,Ruta 25 1710 (y Panamericana),-34.3453213,-58.7950701
Jumbo,Buenos Aires,San Martín,San Lorenzo 3773,-34.5819087,-60.9581591
Jumbo,Buenos Aires,Del Viso,Au Panamericana Km 44,-34.4534551,-58.7965583
Jumbo,Buenos Aires,Quilmes Oeste,Av. Calchaquí 3950,-34.7583362,-58.276842
Jumbo,Buenos Aires,General Pacheco,Boulogne Sur Mer 1275,-34.4706422,-58.6246982
Jumbo,Capital Federal,CABA,Av. Gral. Las Heras 2564,-34.6095579,-58.3887904
Jumbo,Capital Federal,CABA,Av. Bullrich 345,-34.5742267,-58.4269943
Jumbo,Capital Federal,CABA,Arenales 870,-34.5941679,-58.3795043
Jumbo,Capital Federal,CABA,Av. Juan B. Justo 4715,-34.603227,-58.4567857
Jumbo,Capital Federal,CABA,Tronador 801,-34.5849708,-58.4619454
Jumbo,Capital Federal,CABA,Av. Santa Fe 4950,-34.5773442,-58.4297144
Jumbo,Capital Federal,CABA,Lola Mora 420,-34.6190392,-58.3613222
Jumbo,Capital Federal,CABA,Av. Gral. Francisco Fernández de la Cruz 4602,-34.6095579,-58.3887904
Jumbo,Capital Federal,CABA,Av. Acoyte 702,-34.6103992,-58.439929
Jumbo,Chubut,Comodoro Rivadavia,Av. Ingeniero Ducos 1325,-45.8664864,-67.4806559
Jumbo,Córdoba,Córdoba,Ignacio Duarte Quirós 1450,-31.4166867,-64.1834193
Jumbo,Mendoza,Godoy Cruz,Balcarce 897,-32.9239282,-68.8425879
Jumbo,Mendoza,Luján de Cuyo,San Martín 6279,-32.9798819,-68.8585262
Jumbo,Neuquén,Neuquén,J. J. Lastra 2400,-38.9597329,-68.075782
Jumbo,Salta,San Lorenzo,Av. San Martín 725,-24.7357814,-65.4872596
Jumbo,Salta,Salta,20 de Febrero 1437,-24.7718892,-65.4132628
Jumbo,Santa Fe,Rosario,Nansen 323,-32.9104694,-60.6833066
Jumbo,Tucumán,Yerba Buena,Cariola 42,-26.8222179,-65.2678971
VEA,Buenos Aires,Bahía Blanca,Casanova 472,-38.7082244,-62.2665827
VEA,Buenos Aires,Bahía Blanca,Cap. De Navío José Martínez 1356,-38.7176522,-62.2654871
VEA,Buenos Aires,Barracas,Herrera 803,-34.6395522,-58.3781082
VEA,Córdoba,Bell Ville,Boulevard Colón 850,-32.6300707,-62.6888782
VEA,Buenos Aires,CABA,Larrea 833,-34.5986229,-58.4022901
VEA,Buenos Aires,Bulnes,Bulnes 1048,-34.599779,-58.417724
VEA,Buenos Aires,Boedo,Av. Independencia 4221,-34.6216662,-58.425566
VEA,Buenos Aires,CABA,Aráoz 265,-34.6008938,-58.4384881
VEA,Buenos Aires,CABA,Av. Córdoba 6103,-34.5836356,-58.4465086
VEA,Buenos Aires,CABA,Manzanares 3953,-34.5543946,-58.4836972
VEA,Buenos Aires,Cañuelas,Azcuénaga 738,-35.0541391,-58.7507136
VEA,Buenos Aires,Caseros,Avenida Bartolomé Mitre 4560,-34.6145148,-58.551056
VEA,Catamarca,Catamarca,Rivadavia 954,-28.4726889,-65.7778731
VEA,Catamarca,Catamarca,Av. Güemes y Vicario Segura,-28.4688806,-65.7790642
VEA,Catamarca,Catamarca,Av. Belgrano 960,-28.4592345,-65.7729567
VEA,Catamarca,Catamarca,Gobernador Felipe Figueroa y Juan De Sosa,-28.4688806,-65.7790642
VEA,Entre Ríos,Chajarí,Avenida 9 de Julio 3855,-30.76276,-57.9923551
VEA,Buenos Aires,Chivilcoy,Gral. Rodríguez y Pellegrini,-34.8969591,-60.0190499
VEA,Río Negro,Cipolletti,9 de Julio 861,-38.9386715,-67.9895513
VEA,Entre Ríos,Concordia,San Lorenzo Oeste 235,-31.3838117,-58.0205961
VEA,Córdoba,Córdoba Capital,Avenida Emilio Olmos 78,-31.4140658,-64.1821053
VEA,Córdoba,Córdoba Capital,Boulevard Chacabuco 199,-31.4194121,-64.180818
VEA,Córdoba,Córdoba Capital,Av. Colón 461,-31.4118726,-64.1893959
VEA,Córdoba,Córdoba Capital,Av. 24 de Septiembre 1330,-31.4136624,-64.1655716
VEA,Mendoza,Eugenio Bustos,San Juan Bosco 462,-33.7771779,-69.0643536
VEA,Santa Fe,Funes,Córdoba 954,-32.9225951,-60.8037721
VEA,Río Negro,General Roca,Gdor. Viterbori y Ruta 22,-39.0268342,-67.5754674
VEA,Río Negro,General Roca,Avenida San Juan 2210,-39.0210619,-67.5862429
VEA,Mendoza,Godoy Cruz,Paso de Los Andes 850,-32.9166836,-68.859541
VEA,Mendoza,Godoy Cruz,Perito Moreno 1481,-32.9413328,-68.8485253
VEA,Corrientes,Goya,Manuel Belgrano 799,-29.1419432,-59.2652945
VEA,Buenos Aires,General Alvear,Av. Libertador San Martín 229,-34.3857004,-62.2199013
VEA,Buenos Aires,Gral. Pacheco,Ruta 197,-34.4778901,-58.6700111
VEA,Entre Ríos,Gualeguaychú,San Martín 100,-33.0204066,-58.4782347
VEA,Mendoza,Guaymallén,Ignacio Molina 325,-32.9051861,-68.803799
VEA,Mendoza,Guaymallén,Godoy Cruz 3825,-32.8945501,-68.7888315
VEA,Mendoza,Guaymallén,Godoy Cruz 1105,-32.8895527,-68.8179168
VEA,Buenos Aires,Hurlingham,Avenida Gobernador Vergara 3275,-34.5933423,-58.6378405
VEA,Tucumán,Juan Bautista Alberdi,Rivadavia 740,-27.5841222,-65.6133634
VEA,Jujuy,Jujuy,General Güemes 955,-24.1830432,-65.3064176
VEA,Jujuy,Jujuy,Av. El Éxodo 423,-24.1966126,-65.2937914
VEA,Jujuy,Jujuy,Av. Dr. Joaquín Carrillo (esq. Vidal),-24.2215739,-64.835172
VEA,Buenos Aires,Junín,Ataliva Roca 35,-34.5947196,-60.9479912
VEA,Buenos Aires,Junín,Ituzaingó 43,-34.5830634,-60.9542374
VEA,Santiago del Estero,La Banda,25 de Mayo 531,-27.7205337,-64.2514856
VEA,Buenos Aires,La Plata,Calle 47 y Calle 11,-34.9206797,-57.9537638
VEA,Buenos Aires,La Plata,Calle 45 377,-34.9073607,-57.9495927
VEA,Buenos Aires,La Plata,Av. 13 1950,-34.9364642,-57.9341572
VEA,Buenos Aires,La Plata,Av. 19 150,-34.9143146,-57.9776403
VEA,Buenos Aires,La Plata,Calle 525 1316,-34.8958333,-57.9781275
VEA,La Rioja,La Rioja,"Av Laprida, Artigas y F5300",-31.5354035,-68.5214883
VEA,Buenos Aires,Lanús,Av. Hipólito Yrigoyen 4174,-34.7032254,-58.391696
VEA,Buenos Aires,Lanús,Av. Hipólito Yrigoyen 3043,-34.6908567,-58.3901473
VEA,Mendoza,Las Heras,San Miguel 1650,-32.8234583,-68.8343507
VEA,Mendoza,Las Heras,Independencia y Chacabuco,-32.8503256,-68.8406272
VEA,Mendoza,Las Heras,Lisandro Moyano 302,-32.8629531,-68.8220343
VEA,Buenos Aires,Luján,25 de Mayo 260,-34.6036205,-59.1749532
VEA,Mendoza,Luján de Cuyo,San Martín 880,-33.0327064,-68.8777118
VEA,Mendoza,Maipú,Vásquez Padre 328,-32.9846171,-68.7882043
VEA,Mendoza,Malargüe,Av. Gral. Roca 404,-35.4683806,-69.5847324
VEA,Buenos Aires,Mar del Plata,Av. Pedro Luro 3901,-37.9918057,-57.559437
VEA,Buenos Aires,Mar del Plata,Avenida Independencia 3705,-38.0123974,-57.5661328
VEA,Buenos Aires,Mar del Plata,Edison 1118,-38.0465294,-57.5540422
VEA,Mendoza,Mendoza,Patricias Mendocinas 1730,-32.8828518,-68.8414374
VEA,Mendoza,Mendoza,Paso de Los Andes 82,-32.8997951,-68.8600444
VEA,Mendoza,Mendoza,Santiago del Estero 25,-32.870597,-68.8337704
VEA,Mendoza,Mendoza,Jorge A. Calle 897,-32.9091512,-68.7517598
VEA,Buenos Aires,Mercedes,Calle 29 399,-34.6531466,-59.4330658
VEA,Buenos Aires,Merlo,Suipacha 645,-34.6691204,-58.7353847
VEA,Buenos Aires,Merlo,Av. Del Libertador 28,-34.6726261,-58.7241163
VEA,Buenos Aires,Miramar,Calle 36 109,-38.2596512,-57.8350283
VEA,Buenos Aires,Monte Grande,Blvd. Buenos Aires 1136,-34.8129384,-58.4538118
VEA,Buenos Aires,Moreno,Avenida Del Libertador 552,-34.6434928,-58.7891963
VEA,Buenos Aires,Morón,Avenida Rivadavia 17552,-34.6487994,-58.6116287
VEA,Buenos Aires,Necochea,Av. 59 1660,-38.5611619,-58.729671
VEA,Neuquén,Neuquén Capital,Manuel Láinez 115,-34.6158985,-58.4463504
VEA,Entre Ríos,Paraná,Av. Almafuerte 1670,-31.7552191,-60.4974885
VEA,Corrientes,Paso de los Libres,Bartolomé Mitre 1300,-29.7152396,-57.0887909
VEA,Buenos Aires,Pergamino,Merced 1183,-33.8989925,-60.5771057
VEA,Chubut,Puerto Madryn,Belgrano 371,-42.7683017,-65.0379067
VEA,CABA,Recoleta,Larrea 833,-34.5986229,-58.4022901
VEA,Chaco,Resistencia,Av. Alverdi 528,-27.6048829,-59.1932003
VEA,Córdoba,Río Cuarto,Av. Marcelo T. de Alvear 350,-33.1100104,-64.3412233
VEA,Córdoba,Río Cuarto,Granaderos 200,-33.1170684,-64.3465464
VEA,Córdoba,Río Cuarto,Av. Amadeo Sabattini 2176,-33.1383332,-64.3545374
VEA,Córdoba,Río Tercero,Acuña 50,-32.1653414,-64.1192337
VEA,Mendoza,Rivadavia,Lavalle 942,-33.1912281,-68.4640785
VEA,Mendoza,Rodeo de la Cruz,Bandera de Los Andes 10008,-32.9140067,-68.7579106
VEA,Santa Fe,Rosario,Córdoba 954,-32.9468508,-60.6360182
VEA,Buenos Aires,Saladillo,Sojo 9244,-35.6396198,-59.7747516
VEA,Salta,Salta,La Florida 50,-25.0128189,-65.5594614
VEA,Salta,Salta,Ituzaingó 374,-24.794196,-65.4142422
VEA,Salta,Salta,Bartolomé Mitre 459,-24.7842056,-65.4106754
VEA,Salta,Salta,Esteco 680,-24.7993301,-65.4171091
VEA,Salta,Salta,Av. Sarmiento y O'Higgins,-24.7892946,-65.4103194
VEA,Buenos Aires,San Antonio de Padua,Avenida Presidente Juan Domingo Perón 23770,-34.665959,-58.696767
VEA,Buenos Aires,San Clemente del Tuyú,Calle 3 2189,-36.3586749,-56.716947
VEA,Córdoba,San Francisco,Avenida 25 de Mayo 2127,-31.4249815,-62.0840299
VEA,San Juan,San Juan,25 de Mayo y Jujuy,-24.3897911,-65.1280972
VEA,San Juan,San Juan,General Acha 130,-31.5357591,-68.5243742
VEA,San Juan,San Juan,Salta 1048,-31.5221096,-68.5370297
VEA,San Juan,San Juan,José Ignacio De La Roza 1986,-31.5621219,-68.5228859
VEA,San Luis,San Luis,San Martín 1162,-33.2967405,-66.3385663
VEA,San Luis,San Luis,Av. Juan Gilberto Funes 425,-33.2995048,-66.3091951
VEA,San Luis,San Luis,Avenida Centenario y Riobamba,-33.3020736,-66.3369577
VEA,Mendoza,San Martín,9 de Julio 100,-33.0817709,-68.4722984
VEA,Mendoza,San Martín,Tropero Sosa y Alem,-33.0803973,-68.4705288
VEA,Mendoza,San Martín,Perrupato 356,-33.0858075,-68.4803276
VEA,Buenos Aires,San Pedro,Balcarce y Ituzaingó,-33.6760716,-59.6629342
VEA,Mendoza,San Rafael,Av. Presidente Yrigoyen 875,-34.6126025,-68.330514
VEA,Mendoza,San Rafael,Av. El Libertador 755,-34.6243874,-68.3338327
VEA,Mendoza,San Rafael,Av. Mitre y Patricias Mendocinas,-34.6126025,-68.330514
VEA,Santiago del Estero,Santiago del Estero,Av. Belgrano Sur N° 433/459,-27.7877148,-64.2595062
VEA,Santiago del Estero,Santiago del Estero,Av. Rivadavia esq. Ejército Argentino S/N,-27.7877148,-64.2595062
VEA,Santiago del Estero,Santiago del Estero,25 de Mayo y Chacabuco 4300,-27.7877148,-64.2595062
VEA,Tucumán,Tafí Viejo,Av. Leandro N. Alem 618,-26.7299239,-65.2612165
VEA,Buenos Aires,Tandil,Alem 447,-37.3271291,-59.1325642
VEA,Buenos Aires,Tapiales,Av. Vélez Sársfield 576,-34.6989737,-58.5077841
VEA,Chubut,Trelew,Ruta 7 y Av. Perón,-43.2531242,-65.3094407
VEA,Buenos Aires,Tres Arroyos,Calle 1810 124,-38.3999605,-60.2690588
VEA,Tucumán,Tucumán,Pcia. De Córdoba 649,-26.8303703,-65.2038133
VEA,Tucumán,Tucumán,Av. Brígido Terán 250,-26.8362994,-65.1939218
VEA,Tucumán,Tucumán,Av. Sarmiento 750,-26.8185298,-65.2055279
VEA,Tucumán,Tucumán,Av. Gral. Roca 759,-26.8303703,-65.2038133
VEA,Tucumán,Tucumán,Av. Alem 618,-26.8367289,-65.2204044
VEA,Tucumán,Tucumán,Av. Gdor. Del Campo 1150,-26.8303703,-65.2038133
VEA,Tucumán,Tucumán,Av. Colón 650,-26.8343856,-65.2351492
VEA,Tucumán,Tucumán,Av. Mate de Luna 2850,-26.8235232,-65.2408051
VEA,Tucumán,Tucumán,Av. Francisco de Aguirre 2300,-26.7964449,-65.1886392
VEA,Tucumán,Tucumán,Av. Manuel Belgrano y Av. América,-26.8303703,-65.2038133
VEA,Mendoza,Tunuyán,San Martín 1211,-33.5636098,-69.0169377
VEA,San Juan,Villa Krause,Blvd. Sarmiento Oeste 420,-31.5818952,-68.5422067
VEA,San Juan,Villa Krause,República Del Líbano 297,-31.5686633,-68.5239414
VEA,Córdoba,Villa María,Boulevard Vélez Sársfield 411,-32.4087982,-63.2565613
VEA,San Luis,Villa Mercedes,Av. Mitre 667,-33.68082,-65.4630809
VEA,Tucumán,Yerba Buena,Av. Aconquija 1799,-26.8128711,-65.295444
Disco,Buenos Aires,Almirante Brown,Amenábar 302,-34.5796344,-60.9677445
Disco,Buenos Aires,Mar del Plata,Alberti 2535,-38.0068523,-57.5520714
Disco,Capital Federal,CABA,Bulnes 2117,-34.5869718,-58.4106802
Disco,Capital Federal,CABA,Arcos Ing. Antonio 1914,-34.6095579,-58.3887904
Disco,Buenos Aires,Mar del Plata,Avenida Constitución 6069,-37.9606419,-57.5646951
Disco,Capital Federal,CABA,Avenida Santa Fe 3047,-34.5903358,-58.4083441
Disco,Buenos Aires,Banfield,Juan Hipólito Vieytes 1046,-34.7388914,-58.409436
Disco,Buenos Aires,Bella Vista,Avenida Senador Morón 960,-34.5603054,-58.6794448
Disco,Buenos Aires,Canning,Av. Pedro Dreyer y Ruta 52 S/N,-34.5990344,-58.4396927
Disco,Buenos Aires,Castelar,Gobernador Inocencio Arias 3247,-34.6489113,-58.6540753
Disco,Buenos Aires,City Bell,Camino Gral. Manuel Belgrano 167,-34.8657439,-58.0420871
Disco,Capital Federal,CABA,Cuba 1714,-34.5645364,-58.451894
Disco,Capital Federal,CABA,Elcano 3174,-34.5731741,-58.4588774
Disco,Capital Federal,CABA,Esmeralda 1365,-34.5920324,-58.3779306
Disco,Buenos Aires,Villa Gesell,Avenida 3 1081,-37.263862,-56.9739342
Disco,Buenos Aires,Villa Gesell,Boulevard y 112 S/N,-37.2556627,-56.9679411
Disco,Capital Federal,CABA,José Benjamin Gorostiaga 1636,-34.5889215,-58.3931943
Disco,Buenos Aires,Mar del Plata,Juan B. Justo 2367,-38.0241344,-57.563522
Disco,Buenos Aires,San Isidro,Blanco Encalada 2509,-34.4921108,-58.5542678
Disco,Buenos Aires,La Plata,Calle 30 y Calle 47 777,-34.914336,-57.9535192
Disco,Buenos Aires,La Plata,Diagonal 79 962,-34.9157954,-57.9429942
Disco,Capital Federal,CABA,Avenida Gral. Juan Gregorio de Las Heras 3925,-34.6095579,-58.3887904
Disco,Buenos Aires,Lomas de Zamora,Meeks 256,-34.763977,-58.3980248
Disco,Buenos Aires,Morón,Intendente García Silva 855,-34.6535634,-58.6207825
Disco,Capital Federal,CABA,Peña 3050,-34.5861441,-58.4054405
Disco,Buenos Aires,Pinamar,Rivadavia y Torroras S/N,-37.1099492,-56.8539007
Disco,Capital Federal,CABA,Avenida Pres. Manuel Quintana 366,-34.6095579,-58.3887904
Disco,Buenos Aires,Ramos Mejía,Avenida Rivadavia 14452,-34.6419202,-58.5709194
Disco,Buenos Aires,Mar del Plata,Guillermo Rawson 1199,-37.9976168,-57.5482079
Disco,Capital Federal,CABA,Nicolás Rodríguez Peña 1430,-34.5873869,-58.3921589
Disco,Capital Federal,CABA,Avenida Jerónimo Salguero 2727,-34.5871518,-58.4132606
Disco,Buenos Aires,San Bernardo del Tuyú,Santiago del Estero 2690,-36.6880933,-56.6835544
Disco,Buenos Aires,San Isidro,Avenida Centenario 388,-34.4713777,-58.5157255
Disco,Buenos Aires,Mar del Plata,San Luis 2034,-38.0016803,-57.5499259
Disco,Capital Federal,CABA,Talcahuano 1055,-34.5992072,-58.3854679
Disco,Buenos Aires,Tortuguitas,Av. Patricias Argentinas 851,-34.4705116,-58.7587082
Disco,Buenos Aires,Vicente López,Avenida Maipú 1819,-34.5202075,-58.4847813
Disco,Capital Federal,CABA,Avenida Directorio 1251,-34.629558,-58.4454406
Disco,Capital Federal,CABA,Avenida Bernardino Rivadavia 4905,-34.6095579,-58.3887904
Disco,Capital Federal,CABA,Avenida Francisco Beiró 3560,-34.6006266,-58.5026064
Disco,Capital Federal,CABA,Camacuá 55,-34.6283284,-58.4587395
Disco,Capital Federal,CABA,Esteban Agustín Gascón 649,-34.5911723,-58.4337203
Disco,Capital Federal,CABA,Avenida José María Moreno 368,-34.6221152,-58.4343247
Disco,Capital Federal,CABA,Montevideo 1037,-34.606672,-58.389318
Disco,Capital Federal,CABA,Dr. Rómulo Naón 2142,-34.5592451,-58.4793105
Disco,Capital Federal,CABA,Mariscal Antonio José de Sucre 1836,-34.5609631,-58.4497775
Disco,Capital Federal,CABA,P. José Evaristo Uriburu 1230,-34.607078,-58.3978804
Disco,Córdoba,Córdoba,J. L. Cabrera 493,-31.4166867,-64.1834193
Disco,Córdoba,Alta Gracia,Raúl Alfonsín 650,-31.6514371,-64.4277608
Disco,Córdoba,Alta Gracia,Ruta Provincial 5 e/ Reconquista y Pública S/N,-31.6578916,-64.4338563
Disco,Córdoba,Villa Carlos Paz,San Martín 1173,-31.4131738,-64.4848413
Disco,Córdoba,Villa Carlos Paz,Avenida Dr. Ramón José Cárcano 925,-31.4183774,-64.4936985
Disco,Córdoba,Villa Carlos Paz,San Martín 311,-31.4191259,-64.4952073
Disco,Córdoba,Córdoba,Avenida Rafael Núñez 3657,-31.3773113,-64.2264308
Disco,Córdoba,Córdoba,Avenida Rafael Núñez 4630,-31.3627653,-64.2363149
Disco,Córdoba,Córdoba,Avenida Colón 683,-31.4109394,-64.1926244
Disco,Córdoba,Córdoba,Goyechea 2851,-31.3804614,-64.2151426
Disco,Córdoba,Cosquín,Avenida Gral. José de San Martín 1127,-31.2436548,-64.4657395
Disco,Córdoba,Cruz del Eje,Rivadavia 102,-30.7252234,-64.8021456
Disco,Córdoba,Córdoba,J. M. Estada 66,-31.4166867,-64.1834193
Disco,Córdoba,Córdoba,Friuli 1845,-31.4361054,-64.1965748
Disco,Córdoba,Jesús María,Ing. Olmos 33,-30.9764132,-64.0957082
Disco,Córdoba,La Falda,Avenida Edén 370,-31.0928562,-64.4830718
Disco,Córdoba,Córdoba,Ituzaingó 701,-31.4252844,-64.1847879
Disco,Córdoba,Córdoba,Recta Martinolli 7120,-31.3573551,-64.2422028
Disco,Córdoba,Córdoba,Avenida Recta Martinolli 8469,-31.4166867,-64.1834193
Disco,Córdoba,Córdoba,Avenida Ricchieri 3296,-31.4505399,-64.1772119
Disco,Córdoba,Río Ceballos,Avenida San Martín 5259,-31.1495564,-64.3392026
Disco,Córdoba,Córdoba,Avenida Dr. Dalmacio Vélez Sársfield 132,-32.6129726,-63.5843706
Disco,Córdoba,Villa Allende,Goyechea 1327,-31.2936231,-64.2976203
Disco,Santa Fe,Venado Tuerto,San Martín 760,-33.7457238,-61.96598
